series,type,index,screen,mean_ms,p50_ms,p95_ms,p99_ms,worst_ms,over_50,over_100,simulation_ms,refresh_ms,other_ms,tab_ms,checkpoint,result,commit,fps_setting,reference_sha,process_mean_ms,slow_screen
mois_x3,month,1,Produits,,,,,0.0,,,18.089,51.52,0.0,,1992-04,OK,8ace65b4ed92038b7c22c5e4a5eeee1d52b6a15c,0,5b839da1ebf8974ee3cf2251bbeb5960047d54feb94e3f73eb2e6a54db4d472d,,
mois_x3,month,2,Produits,,,,,0.0,,,18.089,68.642,0.0,,1992-05,OK,8ace65b4ed92038b7c22c5e4a5eeee1d52b6a15c,0,5b839da1ebf8974ee3cf2251bbeb5960047d54feb94e3f73eb2e6a54db4d472d,,
mois_x3,month,3,Produits,,,,,0.0,,,18.089,85.351,0.0,,1992-06,OK,8ace65b4ed92038b7c22c5e4a5eeee1d52b6a15c,0,5b839da1ebf8974ee3cf2251bbeb5960047d54feb94e3f73eb2e6a54db4d472d,,
mois_x3,month,4,Produits,,,,,0.0,,,18.089,119.568,0.0,,1992-07,OK,8ace65b4ed92038b7c22c5e4a5eeee1d52b6a15c,0,5b839da1ebf8974ee3cf2251bbeb5960047d54feb94e3f73eb2e6a54db4d472d,,
mois_x3,month,5,Produits,,,,,0.0,,,18.089,137.849,0.0,,1992-08,OK,8ace65b4ed92038b7c22c5e4a5eeee1d52b6a15c,0,5b839da1ebf8974ee3cf2251bbeb5960047d54feb94e3f73eb2e6a54db4d472d,,
mois_x3,month,6,Produits,,,,,0.0,,,18.089,155.8,0.0,,1992-09,OK,8ace65b4ed92038b7c22c5e4a5eeee1d52b6a15c,0,5b839da1ebf8974ee3cf2251bbeb5960047d54feb94e3f73eb2e6a54db4d472d,,
mois_x3,month,7,Produits,,,,,0.0,,,18.089,182.749,0.0,,1992-10,OK,8ace65b4ed92038b7c22c5e4a5eeee1d52b6a15c,0,5b839da1ebf8974ee3cf2251bbeb5960047d54feb94e3f73eb2e6a54db4d472d,,
mois_x3,month,8,Produits,,,,,0.0,,,18.089,200.329,0.0,,1992-11,OK,8ace65b4ed92038b7c22c5e4a5eeee1d52b6a15c,0,5b839da1ebf8974ee3cf2251bbeb5960047d54feb94e3f73eb2e6a54db4d472d,,
mois_x3,month,9,Produits,,,,,0.0,,,18.089,227.025,0.0,,1992-12,OK,8ace65b4ed92038b7c22c5e4a5eeee1d52b6a15c,0,5b839da1ebf8974ee3cf2251bbeb5960047d54feb94e3f73eb2e6a54db4d472d,,
mois_x3,month,10,Produits,,,,,0.0,,,18.089,255.446,0.0,,1993-01,OK,8ace65b4ed92038b7c22c5e4a5eeee1d52b6a15c,0,5b839da1ebf8974ee3cf2251bbeb5960047d54feb94e3f73eb2e6a54db4d472d,,
mois_x3,month,11,Produits,,,,,0.0,,,18.089,281.919,0.0,,1993-02,OK,8ace65b4ed92038b7c22c5e4a5eeee1d52b6a15c,0,5b839da1ebf8974ee3cf2251bbeb5960047d54feb94e3f73eb2e6a54db4d472d,,
mois_x3,month,12,Produits,,,,,0.0,,,18.089,296.469,0.0,,1993-03,OK,8ace65b4ed92038b7c22c5e4a5eeee1d52b6a15c,0,5b839da1ebf8974ee3cf2251bbeb5960047d54feb94e3f73eb2e6a54db4d472d,,
mois_x3,detail,1,Simulation,,,,,,,,,0.678,,,1992-4,OK,8ace65b4ed92038b7c22c5e4a5eeee1d52b6a15c,0,5b839da1ebf8974ee3cf2251bbeb5960047d54feb94e3f73eb2e6a54db4d472d,,company
mois_x3,detail,1,Simulation,,,,,,,,,0.013,,,1992-4,OK,8ace65b4ed92038b7c22c5e4a5eeee1d52b6a15c,0,5b839da1ebf8974ee3cf2251bbeb5960047d54feb94e3f73eb2e6a54db4d472d,,divisions
mois_x3,detail,1,Simulation,,,,,,,,,0.18,,,1992-4,OK,8ace65b4ed92038b7c22c5e4a5eeee1d52b6a15c,0,5b839da1ebf8974ee3cf2251bbeb5960047d54feb94e3f73eb2e6a54db4d472d,,personnel
mois_x3,detail,1,Simulation,,,,,,,,,1.992,,,1992-4,OK,8ace65b4ed92038b7c22c5e4a5eeee1d52b6a15c,0,5b839da1ebf8974ee3cf2251bbeb5960047d54feb94e3f73eb2e6a54db4d472d,,executive
mois_x3,detail,1,Simulation,,,,,,,,,0.033,,,1992-4,OK,8ace65b4ed92038b7c22c5e4a5eeee1d52b6a15c,0,5b839da1ebf8974ee3cf2251bbeb5960047d54feb94e3f73eb2e6a54db4d472d,,personnel_begin
mois_x3,detail,1,Simulation,,,,,,,,,0.143,,,1992-4,OK,8ace65b4ed92038b7c22c5e4a5eeee1d52b6a15c,0,5b839da1ebf8974ee3cf2251bbeb5960047d54feb94e3f73eb2e6a54db4d472d,,research
mois_x3,detail,1,Simulation,,,,,,,,,1.017,,,1992-4,OK,8ace65b4ed92038b7c22c5e4a5eeee1d52b6a15c,0,5b839da1ebf8974ee3cf2251bbeb5960047d54feb94e3f73eb2e6a54db4d472d,,software
mois_x3,detail,1,Simulation,,,,,,,,,0.001,,,1992-4,OK,8ace65b4ed92038b7c22c5e4a5eeee1d52b6a15c,0,5b839da1ebf8974ee3cf2251bbeb5960047d54feb94e3f73eb2e6a54db4d472d,,personnel_end
mois_x3,detail,1,Simulation,,,,,,,,,0.205,,,1992-4,OK,8ace65b4ed92038b7c22c5e4a5eeee1d52b6a15c,0,5b839da1ebf8974ee3cf2251bbeb5960047d54feb94e3f73eb2e6a54db4d472d,,foundry
mois_x3,detail,1,Simulation,,,,,,,,,0.008,,,1992-4,OK,8ace65b4ed92038b7c22c5e4a5eeee1d52b6a15c,0,5b839da1ebf8974ee3cf2251bbeb5960047d54feb94e3f73eb2e6a54db4d472d,,production
mois_x3,detail,1,Simulation,,,,,,,,,11.081,,,1992-4,OK,8ace65b4ed92038b7c22c5e4a5eeee1d52b6a15c,0,5b839da1ebf8974ee3cf2251bbeb5960047d54feb94e3f73eb2e6a54db4d472d,,products
mois_x3,detail,1,Simulation,,,,,,,,,0.077,,,1992-4,OK,8ace65b4ed92038b7c22c5e4a5eeee1d52b6a15c,0,5b839da1ebf8974ee3cf2251bbeb5960047d54feb94e3f73eb2e6a54db4d472d,,architecture
mois_x3,detail,1,Simulation,,,,,,,,,0.085,,,1992-4,OK,8ace65b4ed92038b7c22c5e4a5eeee1d52b6a15c,0,5b839da1ebf8974ee3cf2251bbeb5960047d54feb94e3f73eb2e6a54db4d472d,,supplier
mois_x3,detail,1,Simulation,,,,,,,,,0.002,,,1992-4,OK,8ace65b4ed92038b7c22c5e4a5eeee1d52b6a15c,0,5b839da1ebf8974ee3cf2251bbeb5960047d54feb94e3f73eb2e6a54db4d472d,,after_sales
mois_x3,detail,1,Simulation,,,,,,,,,1.154,,,1992-4,OK,8ace65b4ed92038b7c22c5e4a5eeee1d52b6a15c,0,5b839da1ebf8974ee3cf2251bbeb5960047d54feb94e3f73eb2e6a54db4d472d,,market
mois_x3,detail,1,Simulation,,,,,,,,,0.925,,,1992-4,OK,8ace65b4ed92038b7c22c5e4a5eeee1d52b6a15c,0,5b839da1ebf8974ee3cf2251bbeb5960047d54feb94e3f73eb2e6a54db4d472d,,components
mois_x3,detail,1,Simulation,,,,,,,,,0.003,,,1992-4,OK,8ace65b4ed92038b7c22c5e4a5eeee1d52b6a15c,0,5b839da1ebf8974ee3cf2251bbeb5960047d54feb94e3f73eb2e6a54db4d472d,,patents
mois_x3,detail,1,Simulation,,,,,,,,,0.027,,,1992-4,OK,8ace65b4ed92038b7c22c5e4a5eeee1d52b6a15c,0,5b839da1ebf8974ee3cf2251bbeb5960047d54feb94e3f73eb2e6a54db4d472d,,garage_business
mois_x3,detail,1,Simulation,,,,,,,,,0.003,,,1992-4,OK,8ace65b4ed92038b7c22c5e4a5eeee1d52b6a15c,0,5b839da1ebf8974ee3cf2251bbeb5960047d54feb94e3f73eb2e6a54db4d472d,,seasonal
mois_x3,detail,1,Simulation,,,,,,,,,0.16,,,1992-4,OK,8ace65b4ed92038b7c22c5e4a5eeee1d52b6a15c,0,5b839da1ebf8974ee3cf2251bbeb5960047d54feb94e3f73eb2e6a54db4d472d,,subsidiaries
mois_x3,detail,1,Simulation,,,,,,,,,0.131,,,1992-4,OK,8ace65b4ed92038b7c22c5e4a5eeee1d52b6a15c,0,5b839da1ebf8974ee3cf2251bbeb5960047d54feb94e3f73eb2e6a54db4d472d,,objectives
mois_x3,detail,1,Simulation,,,,,,,,,0.031,,,1992-4,OK,8ace65b4ed92038b7c22c5e4a5eeee1d52b6a15c,0,5b839da1ebf8974ee3cf2251bbeb5960047d54feb94e3f73eb2e6a54db4d472d,,economy_bookkeeping
mois_x3,detail,1,Produits,,,,,,,,,0.085,,,1992-4,OK,8ace65b4ed92038b7c22c5e4a5eeee1d52b6a15c,0,5b839da1ebf8974ee3cf2251bbeb5960047d54feb94e3f73eb2e6a54db4d472d,,industry_signature
mois_x3,detail,1,Produits,,,,,,,,,0.483,,,1992-4,OK,8ace65b4ed92038b7c22c5e4a5eeee1d52b6a15c,0,5b839da1ebf8974ee3cf2251bbeb5960047d54feb94e3f73eb2e6a54db4d472d,,industry_jobs
mois_x3,detail,1,Produits,,,,,,,,,2.796,,,1992-4,OK,8ace65b4ed92038b7c22c5e4a5eeee1d52b6a15c,0,5b839da1ebf8974ee3cf2251bbeb5960047d54feb94e3f73eb2e6a54db4d472d,,industry_fab
mois_x3,detail,1,Produits,,,,,,,,,7.462,,,1992-4,OK,8ace65b4ed92038b7c22c5e4a5eeee1d52b6a15c,0,5b839da1ebf8974ee3cf2251bbeb5960047d54feb94e3f73eb2e6a54db4d472d,,industry_done
mois_x3,detail,1,Produits,,,,,,,,,1.211,,,1992-4,OK,8ace65b4ed92038b7c22c5e4a5eeee1d52b6a15c,0,5b839da1ebf8974ee3cf2251bbeb5960047d54feb94e3f73eb2e6a54db4d472d,,industry_foundries
mois_x3,detail,1,Produits,,,,,,,,,12.258,,,1992-4,OK,8ace65b4ed92038b7c22c5e4a5eeee1d52b6a15c,0,5b839da1ebf8974ee3cf2251bbeb5960047d54feb94e3f73eb2e6a54db4d472d,,industrialization
mois_x3,detail,1,Produits,,,,,,,,,32.565,,,1992-4,OK,8ace65b4ed92038b7c22c5e4a5eeee1d52b6a15c,0,5b839da1ebf8974ee3cf2251bbeb5960047d54feb94e3f73eb2e6a54db4d472d,,portfolio
mois_x3,detail,1,Produits,,,,,,,,,32.715,,,1992-4,OK,8ace65b4ed92038b7c22c5e4a5eeee1d52b6a15c,0,5b839da1ebf8974ee3cf2251bbeb5960047d54feb94e3f73eb2e6a54db4d472d,,lifecycle_range
mois_x3,detail,1,Produits,,,,,,,,,2.732,,,1992-4,OK,8ace65b4ed92038b7c22c5e4a5eeee1d52b6a15c,0,5b839da1ebf8974ee3cf2251bbeb5960047d54feb94e3f73eb2e6a54db4d472d,,lifecycle_details
mois_x3,detail,1,Produits,,,,,,,,,35.689,,,1992-4,OK,8ace65b4ed92038b7c22c5e4a5eeee1d52b6a15c,0,5b839da1ebf8974ee3cf2251bbeb5960047d54feb94e3f73eb2e6a54db4d472d,,lifecycle_product_list
mois_x3,detail,1,Produits,,,,,,,,,0.013,,,1992-4,OK,8ace65b4ed92038b7c22c5e4a5eeee1d52b6a15c,0,5b839da1ebf8974ee3cf2251bbeb5960047d54feb94e3f73eb2e6a54db4d472d,,lifecycle_launch_card
mois_x3,detail,1,Produits,,,,,,,,,1.519,,,1992-4,OK,8ace65b4ed92038b7c22c5e4a5eeee1d52b6a15c,0,5b839da1ebf8974ee3cf2251bbeb5960047d54feb94e3f73eb2e6a54db4d472d,,lifecycle_month_card
mois_x3,detail,1,Produits,,,,,,,,,37.23,,,1992-4,OK,8ace65b4ed92038b7c22c5e4a5eeee1d52b6a15c,0,5b839da1ebf8974ee3cf2251bbeb5960047d54feb94e3f73eb2e6a54db4d472d,,lifecycle
mois_x3,detail,1,Produits,,,,,,,,,0.061,,,1992-4,OK,8ace65b4ed92038b7c22c5e4a5eeee1d52b6a15c,0,5b839da1ebf8974ee3cf2251bbeb5960047d54feb94e3f73eb2e6a54db4d472d,,after_sales
mois_x3,detail,1,Produits,,,,,,,,,0.01,,,1992-4,OK,8ace65b4ed92038b7c22c5e4a5eeee1d52b6a15c,0,5b839da1ebf8974ee3cf2251bbeb5960047d54feb94e3f73eb2e6a54db4d472d,,board
mois_x3,detail,1,Produits,,,,,,,,,0.182,,,1992-4,OK,8ace65b4ed92038b7c22c5e4a5eeee1d52b6a15c,0,5b839da1ebf8974ee3cf2251bbeb5960047d54feb94e3f73eb2e6a54db4d472d,,scene
mois_x3,detail,1,Produits,,,,,,,,,0.04,,,1992-4,OK,8ace65b4ed92038b7c22c5e4a5eeee1d52b6a15c,0,5b839da1ebf8974ee3cf2251bbeb5960047d54feb94e3f73eb2e6a54db4d472d,,badges
mois_x3,detail,1,Simulation,,,,,,,,,51.599,,,1992-4,OK,8ace65b4ed92038b7c22c5e4a5eeee1d52b6a15c,0,5b839da1ebf8974ee3cf2251bbeb5960047d54feb94e3f73eb2e6a54db4d472d,,economy_month_closed_callbacks
mois_x3,detail,1,Simulation,,,,,,,,,51.634,,,1992-4,OK,8ace65b4ed92038b7c22c5e4a5eeee1d52b6a15c,0,5b839da1ebf8974ee3cf2251bbeb5960047d54feb94e3f73eb2e6a54db4d472d,,economy_close_and_UI
mois_x3,detail,2,Simulation,,,,,,,,,0.778,,,1992-5,OK,8ace65b4ed92038b7c22c5e4a5eeee1d52b6a15c,0,5b839da1ebf8974ee3cf2251bbeb5960047d54feb94e3f73eb2e6a54db4d472d,,company
mois_x3,detail,2,Simulation,,,,,,,,,0.017,,,1992-5,OK,8ace65b4ed92038b7c22c5e4a5eeee1d52b6a15c,0,5b839da1ebf8974ee3cf2251bbeb5960047d54feb94e3f73eb2e6a54db4d472d,,divisions
mois_x3,detail,2,Simulation,,,,,,,,,0.231,,,1992-5,OK,8ace65b4ed92038b7c22c5e4a5eeee1d52b6a15c,0,5b839da1ebf8974ee3cf2251bbeb5960047d54feb94e3f73eb2e6a54db4d472d,,personnel
mois_x3,detail,2,Simulation,,,,,,,,,1.432,,,1992-5,OK,8ace65b4ed92038b7c22c5e4a5eeee1d52b6a15c,0,5b839da1ebf8974ee3cf2251bbeb5960047d54feb94e3f73eb2e6a54db4d472d,,executive
mois_x3,detail,2,Simulation,,,,,,,,,0.025,,,1992-5,OK,8ace65b4ed92038b7c22c5e4a5eeee1d52b6a15c,0,5b839da1ebf8974ee3cf2251bbeb5960047d54feb94e3f73eb2e6a54db4d472d,,personnel_begin
mois_x3,detail,2,Simulation,,,,,,,,,0.123,,,1992-5,OK,8ace65b4ed92038b7c22c5e4a5eeee1d52b6a15c,0,5b839da1ebf8974ee3cf2251bbeb5960047d54feb94e3f73eb2e6a54db4d472d,,research
mois_x3,detail,2,Simulation,,,,,,,,,0.953,,,1992-5,OK,8ace65b4ed92038b7c22c5e4a5eeee1d52b6a15c,0,5b839da1ebf8974ee3cf2251bbeb5960047d54feb94e3f73eb2e6a54db4d472d,,software
mois_x3,detail,2,Simulation,,,,,,,,,0.002,,,1992-5,OK,8ace65b4ed92038b7c22c5e4a5eeee1d52b6a15c,0,5b839da1ebf8974ee3cf2251bbeb5960047d54feb94e3f73eb2e6a54db4d472d,,personnel_end
mois_x3,detail,2,Simulation,,,,,,,,,0.21,,,1992-5,OK,8ace65b4ed92038b7c22c5e4a5eeee1d52b6a15c,0,5b839da1ebf8974ee3cf2251bbeb5960047d54feb94e3f73eb2e6a54db4d472d,,foundry
mois_x3,detail,2,Simulation,,,,,,,,,0.007,,,1992-5,OK,8ace65b4ed92038b7c22c5e4a5eeee1d52b6a15c,0,5b839da1ebf8974ee3cf2251bbeb5960047d54feb94e3f73eb2e6a54db4d472d,,production
mois_x3,detail,2,Simulation,,,,,,,,,8.843,,,1992-5,OK,8ace65b4ed92038b7c22c5e4a5eeee1d52b6a15c,0,5b839da1ebf8974ee3cf2251bbeb5960047d54feb94e3f73eb2e6a54db4d472d,,products
mois_x3,detail,2,Simulation,,,,,,,,,0.081,,,1992-5,OK,8ace65b4ed92038b7c22c5e4a5eeee1d52b6a15c,0,5b839da1ebf8974ee3cf2251bbeb5960047d54feb94e3f73eb2e6a54db4d472d,,architecture
mois_x3,detail,2,Simulation,,,,,,,,,0.088,,,1992-5,OK,8ace65b4ed92038b7c22c5e4a5eeee1d52b6a15c,0,5b839da1ebf8974ee3cf2251bbeb5960047d54feb94e3f73eb2e6a54db4d472d,,supplier
mois_x3,detail,2,Simulation,,,,,,,,,0.003,,,1992-5,OK,8ace65b4ed92038b7c22c5e4a5eeee1d52b6a15c,0,5b839da1ebf8974ee3cf2251bbeb5960047d54feb94e3f73eb2e6a54db4d472d,,after_sales
mois_x3,detail,2,Simulation,,,,,,,,,1.22,,,1992-5,OK,8ace65b4ed92038b7c22c5e4a5eeee1d52b6a15c,0,5b839da1ebf8974ee3cf2251bbeb5960047d54feb94e3f73eb2e6a54db4d472d,,market
mois_x3,detail,2,Simulation,,,,,,,,,0.88,,,1992-5,OK,8ace65b4ed92038b7c22c5e4a5eeee1d52b6a15c,0,5b839da1ebf8974ee3cf2251bbeb5960047d54feb94e3f73eb2e6a54db4d472d,,components
mois_x3,detail,2,Simulation,,,,,,,,,0.003,,,1992-5,OK,8ace65b4ed92038b7c22c5e4a5eeee1d52b6a15c,0,5b839da1ebf8974ee3cf2251bbeb5960047d54feb94e3f73eb2e6a54db4d472d,,patents
mois_x3,detail,2,Simulation,,,,,,,,,0.027,,,1992-5,OK,8ace65b4ed92038b7c22c5e4a5eeee1d52b6a15c,0,5b839da1ebf8974ee3cf2251bbeb5960047d54feb94e3f73eb2e6a54db4d472d,,garage_business
mois_x3,detail,2,Simulation,,,,,,,,,0.003,,,1992-5,OK,8ace65b4ed92038b7c22c5e4a5eeee1d52b6a15c,0,5b839da1ebf8974ee3cf2251bbeb5960047d54feb94e3f73eb2e6a54db4d472d,,seasonal
mois_x3,detail,2,Simulation,,,,,,,,,0.154,,,1992-5,OK,8ace65b4ed92038b7c22c5e4a5eeee1d52b6a15c,0,5b839da1ebf8974ee3cf2251bbeb5960047d54feb94e3f73eb2e6a54db4d472d,,subsidiaries
mois_x3,detail,2,Simulation,,,,,,,,,0.146,,,1992-5,OK,8ace65b4ed92038b7c22c5e4a5eeee1d52b6a15c,0,5b839da1ebf8974ee3cf2251bbeb5960047d54feb94e3f73eb2e6a54db4d472d,,objectives
mois_x3,detail,2,Simulation,,,,,,,,,0.028,,,1992-5,OK,8ace65b4ed92038b7c22c5e4a5eeee1d52b6a15c,0,5b839da1ebf8974ee3cf2251bbeb5960047d54feb94e3f73eb2e6a54db4d472d,,economy_bookkeeping
mois_x3,detail,2,Produits,,,,,,,,,0.133,,,1992-5,OK,8ace65b4ed92038b7c22c5e4a5eeee1d52b6a15c,0,5b839da1ebf8974ee3cf2251bbeb5960047d54feb94e3f73eb2e6a54db4d472d,,industry_signature
mois_x3,detail,2,Produits,,,,,,,,,0.138,,,1992-5,OK,8ace65b4ed92038b7c22c5e4a5eeee1d52b6a15c,0,5b839da1ebf8974ee3cf2251bbeb5960047d54feb94e3f73eb2e6a54db4d472d,,industrialization
mois_x3,detail,2,Produits,,,,,,,,,9.49,,,1992-5,OK,8ace65b4ed92038b7c22c5e4a5eeee1d52b6a15c,0,5b839da1ebf8974ee3cf2251bbeb5960047d54feb94e3f73eb2e6a54db4d472d,,portfolio
mois_x3,detail,2,Produits,,,,,,,,,9.641,,,1992-5,OK,8ace65b4ed92038b7c22c5e4a5eeee1d52b6a15c,0,5b839da1ebf8974ee3cf2251bbeb5960047d54feb94e3f73eb2e6a54db4d472d,,lifecycle_range
mois_x3,detail,2,Produits,,,,,,,,,2.516,,,1992-5,OK,8ace65b4ed92038b7c22c5e4a5eeee1d52b6a15c,0,5b839da1ebf8974ee3cf2251bbeb5960047d54feb94e3f73eb2e6a54db4d472d,,lifecycle_details
mois_x3,detail,2,Produits,,,,,,,,,12.477,,,1992-5,OK,8ace65b4ed92038b7c22c5e4a5eeee1d52b6a15c,0,5b839da1ebf8974ee3cf2251bbeb5960047d54feb94e3f73eb2e6a54db4d472d,,lifecycle_product_list
mois_x3,detail,2,Produits,,,,,,,,,0.017,,,1992-5,OK,8ace65b4ed92038b7c22c5e4a5eeee1d52b6a15c,0,5b839da1ebf8974ee3cf2251bbeb5960047d54feb94e3f73eb2e6a54db4d472d,,lifecycle_launch_card
mois_x3,detail,2,Produits,,,,,,,,,1.854,,,1992-5,OK,8ace65b4ed92038b7c22c5e4a5eeee1d52b6a15c,0,5b839da1ebf8974ee3cf2251bbeb5960047d54feb94e3f73eb2e6a54db4d472d,,lifecycle_month_card
mois_x3,detail,2,Produits,,,,,,,,,14.357,,,1992-5,OK,8ace65b4ed92038b7c22c5e4a5eeee1d52b6a15c,0,5b839da1ebf8974ee3cf2251bbeb5960047d54feb94e3f73eb2e6a54db4d472d,,lifecycle
mois_x3,detail,2,Produits,,,,,,,,,0.061,,,1992-5,OK,8ace65b4ed92038b7c22c5e4a5eeee1d52b6a15c,0,5b839da1ebf8974ee3cf2251bbeb5960047d54feb94e3f73eb2e6a54db4d472d,,after_sales
mois_x3,detail,2,Produits,,,,,,,,,0.01,,,1992-5,OK,8ace65b4ed92038b7c22c5e4a5eeee1d52b6a15c,0,5b839da1ebf8974ee3cf2251bbeb5960047d54feb94e3f73eb2e6a54db4d472d,,board
mois_x3,detail,2,Produits,,,,,,,,,0.129,,,1992-5,OK,8ace65b4ed92038b7c22c5e4a5eeee1d52b6a15c,0,5b839da1ebf8974ee3cf2251bbeb5960047d54feb94e3f73eb2e6a54db4d472d,,scene
mois_x3,detail,2,Produits,,,,,,,,,0.033,,,1992-5,OK,8ace65b4ed92038b7c22c5e4a5eeee1d52b6a15c,0,5b839da1ebf8974ee3cf2251bbeb5960047d54feb94e3f73eb2e6a54db4d472d,,badges
mois_x3,detail,2,Simulation,,,,,,,,,17.172,,,1992-5,OK,8ace65b4ed92038b7c22c5e4a5eeee1d52b6a15c,0,5b839da1ebf8974ee3cf2251bbeb5960047d54feb94e3f73eb2e6a54db4d472d,,economy_month_closed_callbacks
mois_x3,detail,2,Simulation,,,,,,,,,17.205,,,1992-5,OK,8ace65b4ed92038b7c22c5e4a5eeee1d52b6a15c,0,5b839da1ebf8974ee3cf2251bbeb5960047d54feb94e3f73eb2e6a54db4d472d,,economy_close_and_UI
mois_x3,detail,3,Simulation,,,,,,,,,1.231,,,1992-6,OK,8ace65b4ed92038b7c22c5e4a5eeee1d52b6a15c,0,5b839da1ebf8974ee3cf2251bbeb5960047d54feb94e3f73eb2e6a54db4d472d,,company
mois_x3,detail,3,Simulation,,,,,,,,,0.017,,,1992-6,OK,8ace65b4ed92038b7c22c5e4a5eeee1d52b6a15c,0,5b839da1ebf8974ee3cf2251bbeb5960047d54feb94e3f73eb2e6a54db4d472d,,divisions
mois_x3,detail,3,Simulation,,,,,,,,,0.251,,,1992-6,OK,8ace65b4ed92038b7c22c5e4a5eeee1d52b6a15c,0,5b839da1ebf8974ee3cf2251bbeb5960047d54feb94e3f73eb2e6a54db4d472d,,personnel
mois_x3,detail,3,Simulation,,,,,,,,,1.824,,,1992-6,OK,8ace65b4ed92038b7c22c5e4a5eeee1d52b6a15c,0,5b839da1ebf8974ee3cf2251bbeb5960047d54feb94e3f73eb2e6a54db4d472d,,executive
mois_x3,detail,3,Simulation,,,,,,,,,0.025,,,1992-6,OK,8ace65b4ed92038b7c22c5e4a5eeee1d52b6a15c,0,5b839da1ebf8974ee3cf2251bbeb5960047d54feb94e3f73eb2e6a54db4d472d,,personnel_begin
mois_x3,detail,3,Simulation,,,,,,,,,0.125,,,1992-6,OK,8ace65b4ed92038b7c22c5e4a5eeee1d52b6a15c,0,5b839da1ebf8974ee3cf2251bbeb5960047d54feb94e3f73eb2e6a54db4d472d,,research
mois_x3,detail,3,Simulation,,,,,,,,,1.256,,,1992-6,OK,8ace65b4ed92038b7c22c5e4a5eeee1d52b6a15c,0,5b839da1ebf8974ee3cf2251bbeb5960047d54feb94e3f73eb2e6a54db4d472d,,software
mois_x3,detail,3,Simulation,,,,,,,,,0.002,,,1992-6,OK,8ace65b4ed92038b7c22c5e4a5eeee1d52b6a15c,0,5b839da1ebf8974ee3cf2251bbeb5960047d54feb94e3f73eb2e6a54db4d472d,,personnel_end
mois_x3,detail,3,Simulation,,,,,,,,,0.335,,,1992-6,OK,8ace65b4ed92038b7c22c5e4a5eeee1d52b6a15c,0,5b839da1ebf8974ee3cf2251bbeb5960047d54feb94e3f73eb2e6a54db4d472d,,foundry
mois_x3,detail,3,Simulation,,,,,,,,,0.011,,,1992-6,OK,8ace65b4ed92038b7c22c5e4a5eeee1d52b6a15c,0,5b839da1ebf8974ee3cf2251bbeb5960047d54feb94e3f73eb2e6a54db4d472d,,production
mois_x3,detail,3,Simulation,,,,,,,,,9.529,,,1992-6,OK,8ace65b4ed92038b7c22c5e4a5eeee1d52b6a15c,0,5b839da1ebf8974ee3cf2251bbeb5960047d54feb94e3f73eb2e6a54db4d472d,,products
mois_x3,detail,3,Simulation,,,,,,,,,0.08,,,1992-6,OK,8ace65b4ed92038b7c22c5e4a5eeee1d52b6a15c,0,5b839da1ebf8974ee3cf2251bbeb5960047d54feb94e3f73eb2e6a54db4d472d,,architecture
mois_x3,detail,3,Simulation,,,,,,,,,0.097,,,1992-6,OK,8ace65b4ed92038b7c22c5e4a5eeee1d52b6a15c,0,5b839da1ebf8974ee3cf2251bbeb5960047d54feb94e3f73eb2e6a54db4d472d,,supplier
mois_x3,detail,3,Simulation,,,,,,,,,0.002,,,1992-6,OK,8ace65b4ed92038b7c22c5e4a5eeee1d52b6a15c,0,5b839da1ebf8974ee3cf2251bbeb5960047d54feb94e3f73eb2e6a54db4d472d,,after_sales
mois_x3,detail,3,Simulation,,,,,,,,,1.41,,,1992-6,OK,8ace65b4ed92038b7c22c5e4a5eeee1d52b6a15c,0,5b839da1ebf8974ee3cf2251bbeb5960047d54feb94e3f73eb2e6a54db4d472d,,market
mois_x3,detail,3,Simulation,,,,,,,,,1.332,,,1992-6,OK,8ace65b4ed92038b7c22c5e4a5eeee1d52b6a15c,0,5b839da1ebf8974ee3cf2251bbeb5960047d54feb94e3f73eb2e6a54db4d472d,,components
mois_x3,detail,3,Simulation,,,,,,,,,0.003,,,1992-6,OK,8ace65b4ed92038b7c22c5e4a5eeee1d52b6a15c,0,5b839da1ebf8974ee3cf2251bbeb5960047d54feb94e3f73eb2e6a54db4d472d,,patents
mois_x3,detail,3,Simulation,,,,,,,,,0.029,,,1992-6,OK,8ace65b4ed92038b7c22c5e4a5eeee1d52b6a15c,0,5b839da1ebf8974ee3cf2251bbeb5960047d54feb94e3f73eb2e6a54db4d472d,,garage_business
mois_x3,detail,3,Simulation,,,,,,,,,0.003,,,1992-6,OK,8ace65b4ed92038b7c22c5e4a5eeee1d52b6a15c,0,5b839da1ebf8974ee3cf2251bbeb5960047d54feb94e3f73eb2e6a54db4d472d,,seasonal
mois_x3,detail,3,Simulation,,,,,,,,,0.224,,,1992-6,OK,8ace65b4ed92038b7c22c5e4a5eeee1d52b6a15c,0,5b839da1ebf8974ee3cf2251bbeb5960047d54feb94e3f73eb2e6a54db4d472d,,subsidiaries
mois_x3,detail,3,Simulation,,,,,,,,,0.171,,,1992-6,OK,8ace65b4ed92038b7c22c5e4a5eeee1d52b6a15c,0,5b839da1ebf8974ee3cf2251bbeb5960047d54feb94e3f73eb2e6a54db4d472d,,objectives
mois_x3,detail,3,Simulation,,,,,,,,,0.034,,,1992-6,OK,8ace65b4ed92038b7c22c5e4a5eeee1d52b6a15c,0,5b839da1ebf8974ee3cf2251bbeb5960047d54feb94e3f73eb2e6a54db4d472d,,economy_bookkeeping
mois_x3,detail,3,Produits,,,,,,,,,0.094,,,1992-6,OK,8ace65b4ed92038b7c22c5e4a5eeee1d52b6a15c,0,5b839da1ebf8974ee3cf2251bbeb5960047d54feb94e3f73eb2e6a54db4d472d,,industry_signature
mois_x3,detail,3,Produits,,,,,,,,,0.099,,,1992-6,OK,8ace65b4ed92038b7c22c5e4a5eeee1d52b6a15c,0,5b839da1ebf8974ee3cf2251bbeb5960047d54feb94e3f73eb2e6a54db4d472d,,industrialization
mois_x3,detail,3,Produits,,,,,,,,,9.605,,,1992-6,OK,8ace65b4ed92038b7c22c5e4a5eeee1d52b6a15c,0,5b839da1ebf8974ee3cf2251bbeb5960047d54feb94e3f73eb2e6a54db4d472d,,portfolio
mois_x3,detail,3,Produits,,,,,,,,,9.765,,,1992-6,OK,8ace65b4ed92038b7c22c5e4a5eeee1d52b6a15c,0,5b839da1ebf8974ee3cf2251bbeb5960047d54feb94e3f73eb2e6a54db4d472d,,lifecycle_range
mois_x3,detail,3,Produits,,,,,,,,,2.402,,,1992-6,OK,8ace65b4ed92038b7c22c5e4a5eeee1d52b6a15c,0,5b839da1ebf8974ee3cf2251bbeb5960047d54feb94e3f73eb2e6a54db4d472d,,lifecycle_details
mois_x3,detail,3,Produits,,,,,,,,,12.421,,,1992-6,OK,8ace65b4ed92038b7c22c5e4a5eeee1d52b6a15c,0,5b839da1ebf8974ee3cf2251bbeb5960047d54feb94e3f73eb2e6a54db4d472d,,lifecycle_product_list
mois_x3,detail,3,Produits,,,,,,,,,0.01,,,1992-6,OK,8ace65b4ed92038b7c22c5e4a5eeee1d52b6a15c,0,5b839da1ebf8974ee3cf2251bbeb5960047d54feb94e3f73eb2e6a54db4d472d,,lifecycle_launch_card
mois_x3,detail,3,Produits,,,,,,,,,1.52,,,1992-6,OK,8ace65b4ed92038b7c22c5e4a5eeee1d52b6a15c,0,5b839da1ebf8974ee3cf2251bbeb5960047d54feb94e3f73eb2e6a54db4d472d,,lifecycle_month_card
mois_x3,detail,3,Produits,,,,,,,,,13.957,,,1992-6,OK,8ace65b4ed92038b7c22c5e4a5eeee1d52b6a15c,0,5b839da1ebf8974ee3cf2251bbeb5960047d54feb94e3f73eb2e6a54db4d472d,,lifecycle
mois_x3,detail,3,Produits,,,,,,,,,0.064,,,1992-6,OK,8ace65b4ed92038b7c22c5e4a5eeee1d52b6a15c,0,5b839da1ebf8974ee3cf2251bbeb5960047d54feb94e3f73eb2e6a54db4d472d,,after_sales
mois_x3,detail,3,Produits,,,,,,,,,0.011,,,1992-6,OK,8ace65b4ed92038b7c22c5e4a5eeee1d52b6a15c,0,5b839da1ebf8974ee3cf2251bbeb5960047d54feb94e3f73eb2e6a54db4d472d,,board
mois_x3,detail,3,Produits,,,,,,,,,0.114,,,1992-6,OK,8ace65b4ed92038b7c22c5e4a5eeee1d52b6a15c,0,5b839da1ebf8974ee3cf2251bbeb5960047d54feb94e3f73eb2e6a54db4d472d,,scene
mois_x3,detail,3,Produits,,,,,,,,,0.035,,,1992-6,OK,8ace65b4ed92038b7c22c5e4a5eeee1d52b6a15c,0,5b839da1ebf8974ee3cf2251bbeb5960047d54feb94e3f73eb2e6a54db4d472d,,badges
mois_x3,detail,3,Simulation,,,,,,,,,16.954,,,1992-6,OK,8ace65b4ed92038b7c22c5e4a5eeee1d52b6a15c,0,5b839da1ebf8974ee3cf2251bbeb5960047d54feb94e3f73eb2e6a54db4d472d,,economy_month_closed_callbacks
mois_x3,detail,3,Simulation,,,,,,,,,16.992,,,1992-6,OK,8ace65b4ed92038b7c22c5e4a5eeee1d52b6a15c,0,5b839da1ebf8974ee3cf2251bbeb5960047d54feb94e3f73eb2e6a54db4d472d,,economy_close_and_UI
mois_x3,detail,4,Simulation,,,,,,,,,0.931,,,1992-7,OK,8ace65b4ed92038b7c22c5e4a5eeee1d52b6a15c,0,5b839da1ebf8974ee3cf2251bbeb5960047d54feb94e3f73eb2e6a54db4d472d,,company
mois_x3,detail,4,Simulation,,,,,,,,,0.024,,,1992-7,OK,8ace65b4ed92038b7c22c5e4a5eeee1d52b6a15c,0,5b839da1ebf8974ee3cf2251bbeb5960047d54feb94e3f73eb2e6a54db4d472d,,divisions
mois_x3,detail,4,Simulation,,,,,,,,,0.518,,,1992-7,OK,8ace65b4ed92038b7c22c5e4a5eeee1d52b6a15c,0,5b839da1ebf8974ee3cf2251bbeb5960047d54feb94e3f73eb2e6a54db4d472d,,personnel
mois_x3,detail,4,Simulation,,,,,,,,,2.522,,,1992-7,OK,8ace65b4ed92038b7c22c5e4a5eeee1d52b6a15c,0,5b839da1ebf8974ee3cf2251bbeb5960047d54feb94e3f73eb2e6a54db4d472d,,executive
mois_x3,detail,4,Simulation,,,,,,,,,0.039,,,1992-7,OK,8ace65b4ed92038b7c22c5e4a5eeee1d52b6a15c,0,5b839da1ebf8974ee3cf2251bbeb5960047d54feb94e3f73eb2e6a54db4d472d,,personnel_begin
mois_x3,detail,4,Simulation,,,,,,,,,0.206,,,1992-7,OK,8ace65b4ed92038b7c22c5e4a5eeee1d52b6a15c,0,5b839da1ebf8974ee3cf2251bbeb5960047d54feb94e3f73eb2e6a54db4d472d,,research
mois_x3,detail,4,Simulation,,,,,,,,,1.247,,,1992-7,OK,8ace65b4ed92038b7c22c5e4a5eeee1d52b6a15c,0,5b839da1ebf8974ee3cf2251bbeb5960047d54feb94e3f73eb2e6a54db4d472d,,software
mois_x3,detail,4,Simulation,,,,,,,,,0.002,,,1992-7,OK,8ace65b4ed92038b7c22c5e4a5eeee1d52b6a15c,0,5b839da1ebf8974ee3cf2251bbeb5960047d54feb94e3f73eb2e6a54db4d472d,,personnel_end
mois_x3,detail,4,Simulation,,,,,,,,,0.324,,,1992-7,OK,8ace65b4ed92038b7c22c5e4a5eeee1d52b6a15c,0,5b839da1ebf8974ee3cf2251bbeb5960047d54feb94e3f73eb2e6a54db4d472d,,foundry
mois_x3,detail,4,Simulation,,,,,,,,,0.01,,,1992-7,OK,8ace65b4ed92038b7c22c5e4a5eeee1d52b6a15c,0,5b839da1ebf8974ee3cf2251bbeb5960047d54feb94e3f73eb2e6a54db4d472d,,production
mois_x3,detail,4,Simulation,,,,,,,,,11.593,,,1992-7,OK,8ace65b4ed92038b7c22c5e4a5eeee1d52b6a15c,0,5b839da1ebf8974ee3cf2251bbeb5960047d54feb94e3f73eb2e6a54db4d472d,,products
mois_x3,detail,4,Simulation,,,,,,,,,0.124,,,1992-7,OK,8ace65b4ed92038b7c22c5e4a5eeee1d52b6a15c,0,5b839da1ebf8974ee3cf2251bbeb5960047d54feb94e3f73eb2e6a54db4d472d,,architecture
mois_x3,detail,4,Simulation,,,,,,,,,0.168,,,1992-7,OK,8ace65b4ed92038b7c22c5e4a5eeee1d52b6a15c,0,5b839da1ebf8974ee3cf2251bbeb5960047d54feb94e3f73eb2e6a54db4d472d,,supplier
mois_x3,detail,4,Simulation,,,,,,,,,0.004,,,1992-7,OK,8ace65b4ed92038b7c22c5e4a5eeee1d52b6a15c,0,5b839da1ebf8974ee3cf2251bbeb5960047d54feb94e3f73eb2e6a54db4d472d,,after_sales
mois_x3,detail,4,Simulation,,,,,,,,,2.354,,,1992-7,OK,8ace65b4ed92038b7c22c5e4a5eeee1d52b6a15c,0,5b839da1ebf8974ee3cf2251bbeb5960047d54feb94e3f73eb2e6a54db4d472d,,market
mois_x3,detail,4,Simulation,,,,,,,,,1.831,,,1992-7,OK,8ace65b4ed92038b7c22c5e4a5eeee1d52b6a15c,0,5b839da1ebf8974ee3cf2251bbeb5960047d54feb94e3f73eb2e6a54db4d472d,,components
mois_x3,detail,4,Simulation,,,,,,,,,0.004,,,1992-7,OK,8ace65b4ed92038b7c22c5e4a5eeee1d52b6a15c,0,5b839da1ebf8974ee3cf2251bbeb5960047d54feb94e3f73eb2e6a54db4d472d,,patents
mois_x3,detail,4,Simulation,,,,,,,,,0.059,,,1992-7,OK,8ace65b4ed92038b7c22c5e4a5eeee1d52b6a15c,0,5b839da1ebf8974ee3cf2251bbeb5960047d54feb94e3f73eb2e6a54db4d472d,,garage_business
mois_x3,detail,4,Simulation,,,,,,,,,0.013,,,1992-7,OK,8ace65b4ed92038b7c22c5e4a5eeee1d52b6a15c,0,5b839da1ebf8974ee3cf2251bbeb5960047d54feb94e3f73eb2e6a54db4d472d,,seasonal
mois_x3,detail,4,Simulation,,,,,,,,,0.33,,,1992-7,OK,8ace65b4ed92038b7c22c5e4a5eeee1d52b6a15c,0,5b839da1ebf8974ee3cf2251bbeb5960047d54feb94e3f73eb2e6a54db4d472d,,subsidiaries
mois_x3,detail,4,Simulation,,,,,,,,,0.206,,,1992-7,OK,8ace65b4ed92038b7c22c5e4a5eeee1d52b6a15c,0,5b839da1ebf8974ee3cf2251bbeb5960047d54feb94e3f73eb2e6a54db4d472d,,objectives
mois_x3,detail,4,Simulation,,,,,,,,,0.046,,,1992-7,OK,8ace65b4ed92038b7c22c5e4a5eeee1d52b6a15c,0,5b839da1ebf8974ee3cf2251bbeb5960047d54feb94e3f73eb2e6a54db4d472d,,economy_bookkeeping
mois_x3,detail,4,Produits,,,,,,,,,0.102,,,1992-7,OK,8ace65b4ed92038b7c22c5e4a5eeee1d52b6a15c,0,5b839da1ebf8974ee3cf2251bbeb5960047d54feb94e3f73eb2e6a54db4d472d,,industry_signature
mois_x3,detail,4,Produits,,,,,,,,,0.533,,,1992-7,OK,8ace65b4ed92038b7c22c5e4a5eeee1d52b6a15c,0,5b839da1ebf8974ee3cf2251bbeb5960047d54feb94e3f73eb2e6a54db4d472d,,industry_jobs
mois_x3,detail,4,Produits,,,,,,,,,2.128,,,1992-7,OK,8ace65b4ed92038b7c22c5e4a5eeee1d52b6a15c,0,5b839da1ebf8974ee3cf2251bbeb5960047d54feb94e3f73eb2e6a54db4d472d,,industry_fab
mois_x3,detail,4,Produits,,,,,,,,,10.475,,,1992-7,OK,8ace65b4ed92038b7c22c5e4a5eeee1d52b6a15c,0,5b839da1ebf8974ee3cf2251bbeb5960047d54feb94e3f73eb2e6a54db4d472d,,industry_done
mois_x3,detail,4,Produits,,,,,,,,,1.507,,,1992-7,OK,8ace65b4ed92038b7c22c5e4a5eeee1d52b6a15c,0,5b839da1ebf8974ee3cf2251bbeb5960047d54feb94e3f73eb2e6a54db4d472d,,industry_foundries
mois_x3,detail,4,Produits,,,,,,,,,14.997,,,1992-7,OK,8ace65b4ed92038b7c22c5e4a5eeee1d52b6a15c,0,5b839da1ebf8974ee3cf2251bbeb5960047d54feb94e3f73eb2e6a54db4d472d,,industrialization
mois_x3,detail,4,Produits,,,,,,,,,9.858,,,1992-7,OK,8ace65b4ed92038b7c22c5e4a5eeee1d52b6a15c,0,5b839da1ebf8974ee3cf2251bbeb5960047d54feb94e3f73eb2e6a54db4d472d,,portfolio
mois_x3,detail,4,Produits,,,,,,,,,10.037,,,1992-7,OK,8ace65b4ed92038b7c22c5e4a5eeee1d52b6a15c,0,5b839da1ebf8974ee3cf2251bbeb5960047d54feb94e3f73eb2e6a54db4d472d,,lifecycle_range
mois_x3,detail,4,Produits,,,,,,,,,3.673,,,1992-7,OK,8ace65b4ed92038b7c22c5e4a5eeee1d52b6a15c,0,5b839da1ebf8974ee3cf2251bbeb5960047d54feb94e3f73eb2e6a54db4d472d,,lifecycle_details
mois_x3,detail,4,Produits,,,,,,,,,14.016,,,1992-7,OK,8ace65b4ed92038b7c22c5e4a5eeee1d52b6a15c,0,5b839da1ebf8974ee3cf2251bbeb5960047d54feb94e3f73eb2e6a54db4d472d,,lifecycle_product_list
mois_x3,detail,4,Produits,,,,,,,,,0.019,,,1992-7,OK,8ace65b4ed92038b7c22c5e4a5eeee1d52b6a15c,0,5b839da1ebf8974ee3cf2251bbeb5960047d54feb94e3f73eb2e6a54db4d472d,,lifecycle_launch_card
mois_x3,detail,4,Produits,,,,,,,,,2.294,,,1992-7,OK,8ace65b4ed92038b7c22c5e4a5eeee1d52b6a15c,0,5b839da1ebf8974ee3cf2251bbeb5960047d54feb94e3f73eb2e6a54db4d472d,,lifecycle_month_card
mois_x3,detail,4,Produits,,,,,,,,,16.339,,,1992-7,OK,8ace65b4ed92038b7c22c5e4a5eeee1d52b6a15c,0,5b839da1ebf8974ee3cf2251bbeb5960047d54feb94e3f73eb2e6a54db4d472d,,lifecycle
mois_x3,detail,4,Produits,,,,,,,,,0.068,,,1992-7,OK,8ace65b4ed92038b7c22c5e4a5eeee1d52b6a15c,0,5b839da1ebf8974ee3cf2251bbeb5960047d54feb94e3f73eb2e6a54db4d472d,,after_sales
mois_x3,detail,4,Produits,,,,,,,,,0.011,,,1992-7,OK,8ace65b4ed92038b7c22c5e4a5eeee1d52b6a15c,0,5b839da1ebf8974ee3cf2251bbeb5960047d54feb94e3f73eb2e6a54db4d472d,,board
mois_x3,detail,4,Produits,,,,,,,,,0.126,,,1992-7,OK,8ace65b4ed92038b7c22c5e4a5eeee1d52b6a15c,0,5b839da1ebf8974ee3cf2251bbeb5960047d54feb94e3f73eb2e6a54db4d472d,,scene
mois_x3,detail,4,Produits,,,,,,,,,0.033,,,1992-7,OK,8ace65b4ed92038b7c22c5e4a5eeee1d52b6a15c,0,5b839da1ebf8974ee3cf2251bbeb5960047d54feb94e3f73eb2e6a54db4d472d,,badges
mois_x3,detail,4,Simulation,,,,,,,,,34.354,,,1992-7,OK,8ace65b4ed92038b7c22c5e4a5eeee1d52b6a15c,0,5b839da1ebf8974ee3cf2251bbeb5960047d54feb94e3f73eb2e6a54db4d472d,,economy_month_closed_callbacks
mois_x3,detail,4,Simulation,,,,,,,,,34.405,,,1992-7,OK,8ace65b4ed92038b7c22c5e4a5eeee1d52b6a15c,0,5b839da1ebf8974ee3cf2251bbeb5960047d54feb94e3f73eb2e6a54db4d472d,,economy_close_and_UI
mois_x3,detail,5,Simulation,,,,,,,,,1.063,,,1992-8,OK,8ace65b4ed92038b7c22c5e4a5eeee1d52b6a15c,0,5b839da1ebf8974ee3cf2251bbeb5960047d54feb94e3f73eb2e6a54db4d472d,,company
mois_x3,detail,5,Simulation,,,,,,,,,0.018,,,1992-8,OK,8ace65b4ed92038b7c22c5e4a5eeee1d52b6a15c,0,5b839da1ebf8974ee3cf2251bbeb5960047d54feb94e3f73eb2e6a54db4d472d,,divisions
mois_x3,detail,5,Simulation,,,,,,,,,0.228,,,1992-8,OK,8ace65b4ed92038b7c22c5e4a5eeee1d52b6a15c,0,5b839da1ebf8974ee3cf2251bbeb5960047d54feb94e3f73eb2e6a54db4d472d,,personnel
mois_x3,detail,5,Simulation,,,,,,,,,1.744,,,1992-8,OK,8ace65b4ed92038b7c22c5e4a5eeee1d52b6a15c,0,5b839da1ebf8974ee3cf2251bbeb5960047d54feb94e3f73eb2e6a54db4d472d,,executive
mois_x3,detail,5,Simulation,,,,,,,,,0.025,,,1992-8,OK,8ace65b4ed92038b7c22c5e4a5eeee1d52b6a15c,0,5b839da1ebf8974ee3cf2251bbeb5960047d54feb94e3f73eb2e6a54db4d472d,,personnel_begin
mois_x3,detail,5,Simulation,,,,,,,,,0.137,,,1992-8,OK,8ace65b4ed92038b7c22c5e4a5eeee1d52b6a15c,0,5b839da1ebf8974ee3cf2251bbeb5960047d54feb94e3f73eb2e6a54db4d472d,,research
mois_x3,detail,5,Simulation,,,,,,,,,1.084,,,1992-8,OK,8ace65b4ed92038b7c22c5e4a5eeee1d52b6a15c,0,5b839da1ebf8974ee3cf2251bbeb5960047d54feb94e3f73eb2e6a54db4d472d,,software
mois_x3,detail,5,Simulation,,,,,,,,,0.002,,,1992-8,OK,8ace65b4ed92038b7c22c5e4a5eeee1d52b6a15c,0,5b839da1ebf8974ee3cf2251bbeb5960047d54feb94e3f73eb2e6a54db4d472d,,personnel_end
mois_x3,detail,5,Simulation,,,,,,,,,0.228,,,1992-8,OK,8ace65b4ed92038b7c22c5e4a5eeee1d52b6a15c,0,5b839da1ebf8974ee3cf2251bbeb5960047d54feb94e3f73eb2e6a54db4d472d,,foundry
mois_x3,detail,5,Simulation,,,,,,,,,0.008,,,1992-8,OK,8ace65b4ed92038b7c22c5e4a5eeee1d52b6a15c,0,5b839da1ebf8974ee3cf2251bbeb5960047d54feb94e3f73eb2e6a54db4d472d,,production
mois_x3,detail,5,Simulation,,,,,,,,,8.878,,,1992-8,OK,8ace65b4ed92038b7c22c5e4a5eeee1d52b6a15c,0,5b839da1ebf8974ee3cf2251bbeb5960047d54feb94e3f73eb2e6a54db4d472d,,products
mois_x3,detail,5,Simulation,,,,,,,,,0.08,,,1992-8,OK,8ace65b4ed92038b7c22c5e4a5eeee1d52b6a15c,0,5b839da1ebf8974ee3cf2251bbeb5960047d54feb94e3f73eb2e6a54db4d472d,,architecture
mois_x3,detail,5,Simulation,,,,,,,,,0.098,,,1992-8,OK,8ace65b4ed92038b7c22c5e4a5eeee1d52b6a15c,0,5b839da1ebf8974ee3cf2251bbeb5960047d54feb94e3f73eb2e6a54db4d472d,,supplier
mois_x3,detail,5,Simulation,,,,,,,,,0.002,,,1992-8,OK,8ace65b4ed92038b7c22c5e4a5eeee1d52b6a15c,0,5b839da1ebf8974ee3cf2251bbeb5960047d54feb94e3f73eb2e6a54db4d472d,,after_sales
mois_x3,detail,5,Simulation,,,,,,,,,1.438,,,1992-8,OK,8ace65b4ed92038b7c22c5e4a5eeee1d52b6a15c,0,5b839da1ebf8974ee3cf2251bbeb5960047d54feb94e3f73eb2e6a54db4d472d,,market
mois_x3,detail,5,Simulation,,,,,,,,,1.525,,,1992-8,OK,8ace65b4ed92038b7c22c5e4a5eeee1d52b6a15c,0,5b839da1ebf8974ee3cf2251bbeb5960047d54feb94e3f73eb2e6a54db4d472d,,components
mois_x3,detail,5,Simulation,,,,,,,,,0.003,,,1992-8,OK,8ace65b4ed92038b7c22c5e4a5eeee1d52b6a15c,0,5b839da1ebf8974ee3cf2251bbeb5960047d54feb94e3f73eb2e6a54db4d472d,,patents
mois_x3,detail,5,Simulation,,,,,,,,,0.044,,,1992-8,OK,8ace65b4ed92038b7c22c5e4a5eeee1d52b6a15c,0,5b839da1ebf8974ee3cf2251bbeb5960047d54feb94e3f73eb2e6a54db4d472d,,garage_business
mois_x3,detail,5,Simulation,,,,,,,,,0.016,,,1992-8,OK,8ace65b4ed92038b7c22c5e4a5eeee1d52b6a15c,0,5b839da1ebf8974ee3cf2251bbeb5960047d54feb94e3f73eb2e6a54db4d472d,,seasonal
mois_x3,detail,5,Simulation,,,,,,,,,0.352,,,1992-8,OK,8ace65b4ed92038b7c22c5e4a5eeee1d52b6a15c,0,5b839da1ebf8974ee3cf2251bbeb5960047d54feb94e3f73eb2e6a54db4d472d,,subsidiaries
mois_x3,detail,5,Simulation,,,,,,,,,0.157,,,1992-8,OK,8ace65b4ed92038b7c22c5e4a5eeee1d52b6a15c,0,5b839da1ebf8974ee3cf2251bbeb5960047d54feb94e3f73eb2e6a54db4d472d,,objectives
mois_x3,detail,5,Simulation,,,,,,,,,0.032,,,1992-8,OK,8ace65b4ed92038b7c22c5e4a5eeee1d52b6a15c,0,5b839da1ebf8974ee3cf2251bbeb5960047d54feb94e3f73eb2e6a54db4d472d,,economy_bookkeeping
mois_x3,detail,5,Produits,,,,,,,,,0.102,,,1992-8,OK,8ace65b4ed92038b7c22c5e4a5eeee1d52b6a15c,0,5b839da1ebf8974ee3cf2251bbeb5960047d54feb94e3f73eb2e6a54db4d472d,,industry_signature
mois_x3,detail,5,Produits,,,,,,,,,0.106,,,1992-8,OK,8ace65b4ed92038b7c22c5e4a5eeee1d52b6a15c,0,5b839da1ebf8974ee3cf2251bbeb5960047d54feb94e3f73eb2e6a54db4d472d,,industrialization
mois_x3,detail,5,Produits,,,,,,,,,10.568,,,1992-8,OK,8ace65b4ed92038b7c22c5e4a5eeee1d52b6a15c,0,5b839da1ebf8974ee3cf2251bbeb5960047d54feb94e3f73eb2e6a54db4d472d,,portfolio
mois_x3,detail,5,Produits,,,,,,,,,10.776,,,1992-8,OK,8ace65b4ed92038b7c22c5e4a5eeee1d52b6a15c,0,5b839da1ebf8974ee3cf2251bbeb5960047d54feb94e3f73eb2e6a54db4d472d,,lifecycle_range
mois_x3,detail,5,Produits,,,,,,,,,2.88,,,1992-8,OK,8ace65b4ed92038b7c22c5e4a5eeee1d52b6a15c,0,5b839da1ebf8974ee3cf2251bbeb5960047d54feb94e3f73eb2e6a54db4d472d,,lifecycle_details
mois_x3,detail,5,Produits,,,,,,,,,13.924,,,1992-8,OK,8ace65b4ed92038b7c22c5e4a5eeee1d52b6a15c,0,5b839da1ebf8974ee3cf2251bbeb5960047d54feb94e3f73eb2e6a54db4d472d,,lifecycle_product_list
mois_x3,detail,5,Produits,,,,,,,,,0.011,,,1992-8,OK,8ace65b4ed92038b7c22c5e4a5eeee1d52b6a15c,0,5b839da1ebf8974ee3cf2251bbeb5960047d54feb94e3f73eb2e6a54db4d472d,,lifecycle_launch_card
mois_x3,detail,5,Produits,,,,,,,,,1.761,,,1992-8,OK,8ace65b4ed92038b7c22c5e4a5eeee1d52b6a15c,0,5b839da1ebf8974ee3cf2251bbeb5960047d54feb94e3f73eb2e6a54db4d472d,,lifecycle_month_card
mois_x3,detail,5,Produits,,,,,,,,,15.705,,,1992-8,OK,8ace65b4ed92038b7c22c5e4a5eeee1d52b6a15c,0,5b839da1ebf8974ee3cf2251bbeb5960047d54feb94e3f73eb2e6a54db4d472d,,lifecycle
mois_x3,detail,5,Produits,,,,,,,,,0.081,,,1992-8,OK,8ace65b4ed92038b7c22c5e4a5eeee1d52b6a15c,0,5b839da1ebf8974ee3cf2251bbeb5960047d54feb94e3f73eb2e6a54db4d472d,,after_sales
mois_x3,detail,5,Produits,,,,,,,,,0.012,,,1992-8,OK,8ace65b4ed92038b7c22c5e4a5eeee1d52b6a15c,0,5b839da1ebf8974ee3cf2251bbeb5960047d54feb94e3f73eb2e6a54db4d472d,,board
mois_x3,detail,5,Produits,,,,,,,,,0.16,,,1992-8,OK,8ace65b4ed92038b7c22c5e4a5eeee1d52b6a15c,0,5b839da1ebf8974ee3cf2251bbeb5960047d54feb94e3f73eb2e6a54db4d472d,,scene
mois_x3,detail,5,Produits,,,,,,,,,0.039,,,1992-8,OK,8ace65b4ed92038b7c22c5e4a5eeee1d52b6a15c,0,5b839da1ebf8974ee3cf2251bbeb5960047d54feb94e3f73eb2e6a54db4d472d,,badges
mois_x3,detail,5,Simulation,,,,,,,,,18.37,,,1992-8,OK,8ace65b4ed92038b7c22c5e4a5eeee1d52b6a15c,0,5b839da1ebf8974ee3cf2251bbeb5960047d54feb94e3f73eb2e6a54db4d472d,,economy_month_closed_callbacks
mois_x3,detail,5,Simulation,,,,,,,,,18.408,,,1992-8,OK,8ace65b4ed92038b7c22c5e4a5eeee1d52b6a15c,0,5b839da1ebf8974ee3cf2251bbeb5960047d54feb94e3f73eb2e6a54db4d472d,,economy_close_and_UI
mois_x3,detail,6,Simulation,,,,,,,,,1.189,,,1992-9,OK,8ace65b4ed92038b7c22c5e4a5eeee1d52b6a15c,0,5b839da1ebf8974ee3cf2251bbeb5960047d54feb94e3f73eb2e6a54db4d472d,,company
mois_x3,detail,6,Simulation,,,,,,,,,0.024,,,1992-9,OK,8ace65b4ed92038b7c22c5e4a5eeee1d52b6a15c,0,5b839da1ebf8974ee3cf2251bbeb5960047d54feb94e3f73eb2e6a54db4d472d,,divisions
mois_x3,detail,6,Simulation,,,,,,,,,0.343,,,1992-9,OK,8ace65b4ed92038b7c22c5e4a5eeee1d52b6a15c,0,5b839da1ebf8974ee3cf2251bbeb5960047d54feb94e3f73eb2e6a54db4d472d,,personnel
mois_x3,detail,6,Simulation,,,,,,,,,1.902,,,1992-9,OK,8ace65b4ed92038b7c22c5e4a5eeee1d52b6a15c,0,5b839da1ebf8974ee3cf2251bbeb5960047d54feb94e3f73eb2e6a54db4d472d,,executive
mois_x3,detail,6,Simulation,,,,,,,,,0.033,,,1992-9,OK,8ace65b4ed92038b7c22c5e4a5eeee1d52b6a15c,0,5b839da1ebf8974ee3cf2251bbeb5960047d54feb94e3f73eb2e6a54db4d472d,,personnel_begin
mois_x3,detail,6,Simulation,,,,,,,,,0.184,,,1992-9,OK,8ace65b4ed92038b7c22c5e4a5eeee1d52b6a15c,0,5b839da1ebf8974ee3cf2251bbeb5960047d54feb94e3f73eb2e6a54db4d472d,,research
mois_x3,detail,6,Simulation,,,,,,,,,1.144,,,1992-9,OK,8ace65b4ed92038b7c22c5e4a5eeee1d52b6a15c,0,5b839da1ebf8974ee3cf2251bbeb5960047d54feb94e3f73eb2e6a54db4d472d,,software
mois_x3,detail,6,Simulation,,,,,,,,,0.002,,,1992-9,OK,8ace65b4ed92038b7c22c5e4a5eeee1d52b6a15c,0,5b839da1ebf8974ee3cf2251bbeb5960047d54feb94e3f73eb2e6a54db4d472d,,personnel_end
mois_x3,detail,6,Simulation,,,,,,,,,0.209,,,1992-9,OK,8ace65b4ed92038b7c22c5e4a5eeee1d52b6a15c,0,5b839da1ebf8974ee3cf2251bbeb5960047d54feb94e3f73eb2e6a54db4d472d,,foundry
mois_x3,detail,6,Simulation,,,,,,,,,0.009,,,1992-9,OK,8ace65b4ed92038b7c22c5e4a5eeee1d52b6a15c,0,5b839da1ebf8974ee3cf2251bbeb5960047d54feb94e3f73eb2e6a54db4d472d,,production
mois_x3,detail,6,Simulation,,,,,,,,,7.368,,,1992-9,OK,8ace65b4ed92038b7c22c5e4a5eeee1d52b6a15c,0,5b839da1ebf8974ee3cf2251bbeb5960047d54feb94e3f73eb2e6a54db4d472d,,products
mois_x3,detail,6,Simulation,,,,,,,,,0.076,,,1992-9,OK,8ace65b4ed92038b7c22c5e4a5eeee1d52b6a15c,0,5b839da1ebf8974ee3cf2251bbeb5960047d54feb94e3f73eb2e6a54db4d472d,,architecture
mois_x3,detail,6,Simulation,,,,,,,,,0.084,,,1992-9,OK,8ace65b4ed92038b7c22c5e4a5eeee1d52b6a15c,0,5b839da1ebf8974ee3cf2251bbeb5960047d54feb94e3f73eb2e6a54db4d472d,,supplier
mois_x3,detail,6,Simulation,,,,,,,,,0.002,,,1992-9,OK,8ace65b4ed92038b7c22c5e4a5eeee1d52b6a15c,0,5b839da1ebf8974ee3cf2251bbeb5960047d54feb94e3f73eb2e6a54db4d472d,,after_sales
mois_x3,detail,6,Simulation,,,,,,,,,1.861,,,1992-9,OK,8ace65b4ed92038b7c22c5e4a5eeee1d52b6a15c,0,5b839da1ebf8974ee3cf2251bbeb5960047d54feb94e3f73eb2e6a54db4d472d,,market
mois_x3,detail,6,Simulation,,,,,,,,,1.666,,,1992-9,OK,8ace65b4ed92038b7c22c5e4a5eeee1d52b6a15c,0,5b839da1ebf8974ee3cf2251bbeb5960047d54feb94e3f73eb2e6a54db4d472d,,components
mois_x3,detail,6,Simulation,,,,,,,,,0.003,,,1992-9,OK,8ace65b4ed92038b7c22c5e4a5eeee1d52b6a15c,0,5b839da1ebf8974ee3cf2251bbeb5960047d54feb94e3f73eb2e6a54db4d472d,,patents
mois_x3,detail,6,Simulation,,,,,,,,,0.044,,,1992-9,OK,8ace65b4ed92038b7c22c5e4a5eeee1d52b6a15c,0,5b839da1ebf8974ee3cf2251bbeb5960047d54feb94e3f73eb2e6a54db4d472d,,garage_business
mois_x3,detail,6,Simulation,,,,,,,,,0.005,,,1992-9,OK,8ace65b4ed92038b7c22c5e4a5eeee1d52b6a15c,0,5b839da1ebf8974ee3cf2251bbeb5960047d54feb94e3f73eb2e6a54db4d472d,,seasonal
mois_x3,detail,6,Simulation,,,,,,,,,0.304,,,1992-9,OK,8ace65b4ed92038b7c22c5e4a5eeee1d52b6a15c,0,5b839da1ebf8974ee3cf2251bbeb5960047d54feb94e3f73eb2e6a54db4d472d,,subsidiaries
mois_x3,detail,6,Simulation,,,,,,,,,0.204,,,1992-9,OK,8ace65b4ed92038b7c22c5e4a5eeee1d52b6a15c,0,5b839da1ebf8974ee3cf2251bbeb5960047d54feb94e3f73eb2e6a54db4d472d,,objectives
mois_x3,detail,6,Simulation,,,,,,,,,0.041,,,1992-9,OK,8ace65b4ed92038b7c22c5e4a5eeee1d52b6a15c,0,5b839da1ebf8974ee3cf2251bbeb5960047d54feb94e3f73eb2e6a54db4d472d,,economy_bookkeeping
mois_x3,detail,6,Produits,,,,,,,,,0.113,,,1992-9,OK,8ace65b4ed92038b7c22c5e4a5eeee1d52b6a15c,0,5b839da1ebf8974ee3cf2251bbeb5960047d54feb94e3f73eb2e6a54db4d472d,,industry_signature
mois_x3,detail,6,Produits,,,,,,,,,0.118,,,1992-9,OK,8ace65b4ed92038b7c22c5e4a5eeee1d52b6a15c,0,5b839da1ebf8974ee3cf2251bbeb5960047d54feb94e3f73eb2e6a54db4d472d,,industrialization
mois_x3,detail,6,Produits,,,,,,,,,10.656,,,1992-9,OK,8ace65b4ed92038b7c22c5e4a5eeee1d52b6a15c,0,5b839da1ebf8974ee3cf2251bbeb5960047d54feb94e3f73eb2e6a54db4d472d,,portfolio
mois_x3,detail,6,Produits,,,,,,,,,10.861,,,1992-9,OK,8ace65b4ed92038b7c22c5e4a5eeee1d52b6a15c,0,5b839da1ebf8974ee3cf2251bbeb5960047d54feb94e3f73eb2e6a54db4d472d,,lifecycle_range
mois_x3,detail,6,Produits,,,,,,,,,2.463,,,1992-9,OK,8ace65b4ed92038b7c22c5e4a5eeee1d52b6a15c,0,5b839da1ebf8974ee3cf2251bbeb5960047d54feb94e3f73eb2e6a54db4d472d,,lifecycle_details
mois_x3,detail,6,Produits,,,,,,,,,13.695,,,1992-9,OK,8ace65b4ed92038b7c22c5e4a5eeee1d52b6a15c,0,5b839da1ebf8974ee3cf2251bbeb5960047d54feb94e3f73eb2e6a54db4d472d,,lifecycle_product_list
mois_x3,detail,6,Produits,,,,,,,,,0.017,,,1992-9,OK,8ace65b4ed92038b7c22c5e4a5eeee1d52b6a15c,0,5b839da1ebf8974ee3cf2251bbeb5960047d54feb94e3f73eb2e6a54db4d472d,,lifecycle_launch_card
mois_x3,detail,6,Produits,,,,,,,,,1.805,,,1992-9,OK,8ace65b4ed92038b7c22c5e4a5eeee1d52b6a15c,0,5b839da1ebf8974ee3cf2251bbeb5960047d54feb94e3f73eb2e6a54db4d472d,,lifecycle_month_card
mois_x3,detail,6,Produits,,,,,,,,,15.54,,,1992-9,OK,8ace65b4ed92038b7c22c5e4a5eeee1d52b6a15c,0,5b839da1ebf8974ee3cf2251bbeb5960047d54feb94e3f73eb2e6a54db4d472d,,lifecycle
mois_x3,detail,6,Produits,,,,,,,,,0.067,,,1992-9,OK,8ace65b4ed92038b7c22c5e4a5eeee1d52b6a15c,0,5b839da1ebf8974ee3cf2251bbeb5960047d54feb94e3f73eb2e6a54db4d472d,,after_sales
mois_x3,detail,6,Produits,,,,,,,,,0.013,,,1992-9,OK,8ace65b4ed92038b7c22c5e4a5eeee1d52b6a15c,0,5b839da1ebf8974ee3cf2251bbeb5960047d54feb94e3f73eb2e6a54db4d472d,,board
mois_x3,detail,6,Produits,,,,,,,,,0.176,,,1992-9,OK,8ace65b4ed92038b7c22c5e4a5eeee1d52b6a15c,0,5b839da1ebf8974ee3cf2251bbeb5960047d54feb94e3f73eb2e6a54db4d472d,,scene
mois_x3,detail,6,Produits,,,,,,,,,0.041,,,1992-9,OK,8ace65b4ed92038b7c22c5e4a5eeee1d52b6a15c,0,5b839da1ebf8974ee3cf2251bbeb5960047d54feb94e3f73eb2e6a54db4d472d,,badges
mois_x3,detail,6,Simulation,,,,,,,,,18.069,,,1992-9,OK,8ace65b4ed92038b7c22c5e4a5eeee1d52b6a15c,0,5b839da1ebf8974ee3cf2251bbeb5960047d54feb94e3f73eb2e6a54db4d472d,,economy_month_closed_callbacks
mois_x3,detail,6,Simulation,,,,,,,,,18.115,,,1992-9,OK,8ace65b4ed92038b7c22c5e4a5eeee1d52b6a15c,0,5b839da1ebf8974ee3cf2251bbeb5960047d54feb94e3f73eb2e6a54db4d472d,,economy_close_and_UI
mois_x3,detail,7,Simulation,,,,,,,,,0.871,,,1992-10,OK,8ace65b4ed92038b7c22c5e4a5eeee1d52b6a15c,0,5b839da1ebf8974ee3cf2251bbeb5960047d54feb94e3f73eb2e6a54db4d472d,,company
mois_x3,detail,7,Simulation,,,,,,,,,0.018,,,1992-10,OK,8ace65b4ed92038b7c22c5e4a5eeee1d52b6a15c,0,5b839da1ebf8974ee3cf2251bbeb5960047d54feb94e3f73eb2e6a54db4d472d,,divisions
mois_x3,detail,7,Simulation,,,,,,,,,0.233,,,1992-10,OK,8ace65b4ed92038b7c22c5e4a5eeee1d52b6a15c,0,5b839da1ebf8974ee3cf2251bbeb5960047d54feb94e3f73eb2e6a54db4d472d,,personnel
mois_x3,detail,7,Simulation,,,,,,,,,1.757,,,1992-10,OK,8ace65b4ed92038b7c22c5e4a5eeee1d52b6a15c,0,5b839da1ebf8974ee3cf2251bbeb5960047d54feb94e3f73eb2e6a54db4d472d,,executive
mois_x3,detail,7,Simulation,,,,,,,,,0.024,,,1992-10,OK,8ace65b4ed92038b7c22c5e4a5eeee1d52b6a15c,0,5b839da1ebf8974ee3cf2251bbeb5960047d54feb94e3f73eb2e6a54db4d472d,,personnel_begin
mois_x3,detail,7,Simulation,,,,,,,,,0.144,,,1992-10,OK,8ace65b4ed92038b7c22c5e4a5eeee1d52b6a15c,0,5b839da1ebf8974ee3cf2251bbeb5960047d54feb94e3f73eb2e6a54db4d472d,,research
mois_x3,detail,7,Simulation,,,,,,,,,1.018,,,1992-10,OK,8ace65b4ed92038b7c22c5e4a5eeee1d52b6a15c,0,5b839da1ebf8974ee3cf2251bbeb5960047d54feb94e3f73eb2e6a54db4d472d,,software
mois_x3,detail,7,Simulation,,,,,,,,,0.001,,,1992-10,OK,8ace65b4ed92038b7c22c5e4a5eeee1d52b6a15c,0,5b839da1ebf8974ee3cf2251bbeb5960047d54feb94e3f73eb2e6a54db4d472d,,personnel_end
mois_x3,detail,7,Simulation,,,,,,,,,0.2,,,1992-10,OK,8ace65b4ed92038b7c22c5e4a5eeee1d52b6a15c,0,5b839da1ebf8974ee3cf2251bbeb5960047d54feb94e3f73eb2e6a54db4d472d,,foundry
mois_x3,detail,7,Simulation,,,,,,,,,0.008,,,1992-10,OK,8ace65b4ed92038b7c22c5e4a5eeee1d52b6a15c,0,5b839da1ebf8974ee3cf2251bbeb5960047d54feb94e3f73eb2e6a54db4d472d,,production
mois_x3,detail,7,Simulation,,,,,,,,,7.38,,,1992-10,OK,8ace65b4ed92038b7c22c5e4a5eeee1d52b6a15c,0,5b839da1ebf8974ee3cf2251bbeb5960047d54feb94e3f73eb2e6a54db4d472d,,products
mois_x3,detail,7,Simulation,,,,,,,,,0.076,,,1992-10,OK,8ace65b4ed92038b7c22c5e4a5eeee1d52b6a15c,0,5b839da1ebf8974ee3cf2251bbeb5960047d54feb94e3f73eb2e6a54db4d472d,,architecture
mois_x3,detail,7,Simulation,,,,,,,,,0.09,,,1992-10,OK,8ace65b4ed92038b7c22c5e4a5eeee1d52b6a15c,0,5b839da1ebf8974ee3cf2251bbeb5960047d54feb94e3f73eb2e6a54db4d472d,,supplier
mois_x3,detail,7,Simulation,,,,,,,,,0.002,,,1992-10,OK,8ace65b4ed92038b7c22c5e4a5eeee1d52b6a15c,0,5b839da1ebf8974ee3cf2251bbeb5960047d54feb94e3f73eb2e6a54db4d472d,,after_sales
mois_x3,detail,7,Simulation,,,,,,,,,1.361,,,1992-10,OK,8ace65b4ed92038b7c22c5e4a5eeee1d52b6a15c,0,5b839da1ebf8974ee3cf2251bbeb5960047d54feb94e3f73eb2e6a54db4d472d,,market
mois_x3,detail,7,Simulation,,,,,,,,,0.978,,,1992-10,OK,8ace65b4ed92038b7c22c5e4a5eeee1d52b6a15c,0,5b839da1ebf8974ee3cf2251bbeb5960047d54feb94e3f73eb2e6a54db4d472d,,components
mois_x3,detail,7,Simulation,,,,,,,,,0.004,,,1992-10,OK,8ace65b4ed92038b7c22c5e4a5eeee1d52b6a15c,0,5b839da1ebf8974ee3cf2251bbeb5960047d54feb94e3f73eb2e6a54db4d472d,,patents
mois_x3,detail,7,Simulation,,,,,,,,,0.039,,,1992-10,OK,8ace65b4ed92038b7c22c5e4a5eeee1d52b6a15c,0,5b839da1ebf8974ee3cf2251bbeb5960047d54feb94e3f73eb2e6a54db4d472d,,garage_business
mois_x3,detail,7,Simulation,,,,,,,,,0.011,,,1992-10,OK,8ace65b4ed92038b7c22c5e4a5eeee1d52b6a15c,0,5b839da1ebf8974ee3cf2251bbeb5960047d54feb94e3f73eb2e6a54db4d472d,,seasonal
mois_x3,detail,7,Simulation,,,,,,,,,0.181,,,1992-10,OK,8ace65b4ed92038b7c22c5e4a5eeee1d52b6a15c,0,5b839da1ebf8974ee3cf2251bbeb5960047d54feb94e3f73eb2e6a54db4d472d,,subsidiaries
mois_x3,detail,7,Simulation,,,,,,,,,0.138,,,1992-10,OK,8ace65b4ed92038b7c22c5e4a5eeee1d52b6a15c,0,5b839da1ebf8974ee3cf2251bbeb5960047d54feb94e3f73eb2e6a54db4d472d,,objectives
mois_x3,detail,7,Simulation,,,,,,,,,0.028,,,1992-10,OK,8ace65b4ed92038b7c22c5e4a5eeee1d52b6a15c,0,5b839da1ebf8974ee3cf2251bbeb5960047d54feb94e3f73eb2e6a54db4d472d,,economy_bookkeeping
mois_x3,detail,7,Produits,,,,,,,,,0.086,,,1992-10,OK,8ace65b4ed92038b7c22c5e4a5eeee1d52b6a15c,0,5b839da1ebf8974ee3cf2251bbeb5960047d54feb94e3f73eb2e6a54db4d472d,,industry_signature
mois_x3,detail,7,Produits,,,,,,,,,0.41,,,1992-10,OK,8ace65b4ed92038b7c22c5e4a5eeee1d52b6a15c,0,5b839da1ebf8974ee3cf2251bbeb5960047d54feb94e3f73eb2e6a54db4d472d,,industry_jobs
mois_x3,detail,7,Produits,,,,,,,,,2.26,,,1992-10,OK,8ace65b4ed92038b7c22c5e4a5eeee1d52b6a15c,0,5b839da1ebf8974ee3cf2251bbeb5960047d54feb94e3f73eb2e6a54db4d472d,,industry_fab
mois_x3,detail,7,Produits,,,,,,,,,7.605,,,1992-10,OK,8ace65b4ed92038b7c22c5e4a5eeee1d52b6a15c,0,5b839da1ebf8974ee3cf2251bbeb5960047d54feb94e3f73eb2e6a54db4d472d,,industry_done
mois_x3,detail,7,Produits,,,,,,,,,1.042,,,1992-10,OK,8ace65b4ed92038b7c22c5e4a5eeee1d52b6a15c,0,5b839da1ebf8974ee3cf2251bbeb5960047d54feb94e3f73eb2e6a54db4d472d,,industry_foundries
mois_x3,detail,7,Produits,,,,,,,,,11.628,,,1992-10,OK,8ace65b4ed92038b7c22c5e4a5eeee1d52b6a15c,0,5b839da1ebf8974ee3cf2251bbeb5960047d54feb94e3f73eb2e6a54db4d472d,,industrialization
mois_x3,detail,7,Produits,,,,,,,,,8.171,,,1992-10,OK,8ace65b4ed92038b7c22c5e4a5eeee1d52b6a15c,0,5b839da1ebf8974ee3cf2251bbeb5960047d54feb94e3f73eb2e6a54db4d472d,,portfolio
mois_x3,detail,7,Produits,,,,,,,,,8.325,,,1992-10,OK,8ace65b4ed92038b7c22c5e4a5eeee1d52b6a15c,0,5b839da1ebf8974ee3cf2251bbeb5960047d54feb94e3f73eb2e6a54db4d472d,,lifecycle_range
mois_x3,detail,7,Produits,,,,,,,,,2.751,,,1992-10,OK,8ace65b4ed92038b7c22c5e4a5eeee1d52b6a15c,0,5b839da1ebf8974ee3cf2251bbeb5960047d54feb94e3f73eb2e6a54db4d472d,,lifecycle_details
mois_x3,detail,7,Produits,,,,,,,,,11.326,,,1992-10,OK,8ace65b4ed92038b7c22c5e4a5eeee1d52b6a15c,0,5b839da1ebf8974ee3cf2251bbeb5960047d54feb94e3f73eb2e6a54db4d472d,,lifecycle_product_list
mois_x3,detail,7,Produits,,,,,,,,,0.016,,,1992-10,OK,8ace65b4ed92038b7c22c5e4a5eeee1d52b6a15c,0,5b839da1ebf8974ee3cf2251bbeb5960047d54feb94e3f73eb2e6a54db4d472d,,lifecycle_launch_card
mois_x3,detail,7,Produits,,,,,,,,,1.944,,,1992-10,OK,8ace65b4ed92038b7c22c5e4a5eeee1d52b6a15c,0,5b839da1ebf8974ee3cf2251bbeb5960047d54feb94e3f73eb2e6a54db4d472d,,lifecycle_month_card
mois_x3,detail,7,Produits,,,,,,,,,13.294,,,1992-10,OK,8ace65b4ed92038b7c22c5e4a5eeee1d52b6a15c,0,5b839da1ebf8974ee3cf2251bbeb5960047d54feb94e3f73eb2e6a54db4d472d,,lifecycle
mois_x3,detail,7,Produits,,,,,,,,,0.094,,,1992-10,OK,8ace65b4ed92038b7c22c5e4a5eeee1d52b6a15c,0,5b839da1ebf8974ee3cf2251bbeb5960047d54feb94e3f73eb2e6a54db4d472d,,after_sales
mois_x3,detail,7,Produits,,,,,,,,,0.013,,,1992-10,OK,8ace65b4ed92038b7c22c5e4a5eeee1d52b6a15c,0,5b839da1ebf8974ee3cf2251bbeb5960047d54feb94e3f73eb2e6a54db4d472d,,board
mois_x3,detail,7,Produits,,,,,,,,,0.17,,,1992-10,OK,8ace65b4ed92038b7c22c5e4a5eeee1d52b6a15c,0,5b839da1ebf8974ee3cf2251bbeb5960047d54feb94e3f73eb2e6a54db4d472d,,scene
mois_x3,detail,7,Produits,,,,,,,,,0.046,,,1992-10,OK,8ace65b4ed92038b7c22c5e4a5eeee1d52b6a15c,0,5b839da1ebf8974ee3cf2251bbeb5960047d54feb94e3f73eb2e6a54db4d472d,,badges
mois_x3,detail,7,Simulation,,,,,,,,,27.045,,,1992-10,OK,8ace65b4ed92038b7c22c5e4a5eeee1d52b6a15c,0,5b839da1ebf8974ee3cf2251bbeb5960047d54feb94e3f73eb2e6a54db4d472d,,economy_month_closed_callbacks
mois_x3,detail,7,Simulation,,,,,,,,,27.077,,,1992-10,OK,8ace65b4ed92038b7c22c5e4a5eeee1d52b6a15c,0,5b839da1ebf8974ee3cf2251bbeb5960047d54feb94e3f73eb2e6a54db4d472d,,economy_close_and_UI
mois_x3,detail,8,Simulation,,,,,,,,,0.825,,,1992-11,OK,8ace65b4ed92038b7c22c5e4a5eeee1d52b6a15c,0,5b839da1ebf8974ee3cf2251bbeb5960047d54feb94e3f73eb2e6a54db4d472d,,company
mois_x3,detail,8,Simulation,,,,,,,,,0.017,,,1992-11,OK,8ace65b4ed92038b7c22c5e4a5eeee1d52b6a15c,0,5b839da1ebf8974ee3cf2251bbeb5960047d54feb94e3f73eb2e6a54db4d472d,,divisions
mois_x3,detail,8,Simulation,,,,,,,,,0.281,,,1992-11,OK,8ace65b4ed92038b7c22c5e4a5eeee1d52b6a15c,0,5b839da1ebf8974ee3cf2251bbeb5960047d54feb94e3f73eb2e6a54db4d472d,,personnel
mois_x3,detail,8,Simulation,,,,,,,,,1.11,,,1992-11,OK,8ace65b4ed92038b7c22c5e4a5eeee1d52b6a15c,0,5b839da1ebf8974ee3cf2251bbeb5960047d54feb94e3f73eb2e6a54db4d472d,,executive
mois_x3,detail,8,Simulation,,,,,,,,,0.024,,,1992-11,OK,8ace65b4ed92038b7c22c5e4a5eeee1d52b6a15c,0,5b839da1ebf8974ee3cf2251bbeb5960047d54feb94e3f73eb2e6a54db4d472d,,personnel_begin
mois_x3,detail,8,Simulation,,,,,,,,,0.129,,,1992-11,OK,8ace65b4ed92038b7c22c5e4a5eeee1d52b6a15c,0,5b839da1ebf8974ee3cf2251bbeb5960047d54feb94e3f73eb2e6a54db4d472d,,research
mois_x3,detail,8,Simulation,,,,,,,,,0.941,,,1992-11,OK,8ace65b4ed92038b7c22c5e4a5eeee1d52b6a15c,0,5b839da1ebf8974ee3cf2251bbeb5960047d54feb94e3f73eb2e6a54db4d472d,,software
mois_x3,detail,8,Simulation,,,,,,,,,0.002,,,1992-11,OK,8ace65b4ed92038b7c22c5e4a5eeee1d52b6a15c,0,5b839da1ebf8974ee3cf2251bbeb5960047d54feb94e3f73eb2e6a54db4d472d,,personnel_end
mois_x3,detail,8,Simulation,,,,,,,,,0.208,,,1992-11,OK,8ace65b4ed92038b7c22c5e4a5eeee1d52b6a15c,0,5b839da1ebf8974ee3cf2251bbeb5960047d54feb94e3f73eb2e6a54db4d472d,,foundry
mois_x3,detail,8,Simulation,,,,,,,,,0.007,,,1992-11,OK,8ace65b4ed92038b7c22c5e4a5eeee1d52b6a15c,0,5b839da1ebf8974ee3cf2251bbeb5960047d54feb94e3f73eb2e6a54db4d472d,,production
mois_x3,detail,8,Simulation,,,,,,,,,8.253,,,1992-11,OK,8ace65b4ed92038b7c22c5e4a5eeee1d52b6a15c,0,5b839da1ebf8974ee3cf2251bbeb5960047d54feb94e3f73eb2e6a54db4d472d,,products
mois_x3,detail,8,Simulation,,,,,,,,,0.076,,,1992-11,OK,8ace65b4ed92038b7c22c5e4a5eeee1d52b6a15c,0,5b839da1ebf8974ee3cf2251bbeb5960047d54feb94e3f73eb2e6a54db4d472d,,architecture
mois_x3,detail,8,Simulation,,,,,,,,,0.09,,,1992-11,OK,8ace65b4ed92038b7c22c5e4a5eeee1d52b6a15c,0,5b839da1ebf8974ee3cf2251bbeb5960047d54feb94e3f73eb2e6a54db4d472d,,supplier
mois_x3,detail,8,Simulation,,,,,,,,,0.002,,,1992-11,OK,8ace65b4ed92038b7c22c5e4a5eeee1d52b6a15c,0,5b839da1ebf8974ee3cf2251bbeb5960047d54feb94e3f73eb2e6a54db4d472d,,after_sales
mois_x3,detail,8,Simulation,,,,,,,,,1.535,,,1992-11,OK,8ace65b4ed92038b7c22c5e4a5eeee1d52b6a15c,0,5b839da1ebf8974ee3cf2251bbeb5960047d54feb94e3f73eb2e6a54db4d472d,,market
mois_x3,detail,8,Simulation,,,,,,,,,0.826,,,1992-11,OK,8ace65b4ed92038b7c22c5e4a5eeee1d52b6a15c,0,5b839da1ebf8974ee3cf2251bbeb5960047d54feb94e3f73eb2e6a54db4d472d,,components
mois_x3,detail,8,Simulation,,,,,,,,,0.002,,,1992-11,OK,8ace65b4ed92038b7c22c5e4a5eeee1d52b6a15c,0,5b839da1ebf8974ee3cf2251bbeb5960047d54feb94e3f73eb2e6a54db4d472d,,patents
mois_x3,detail,8,Simulation,,,,,,,,,0.027,,,1992-11,OK,8ace65b4ed92038b7c22c5e4a5eeee1d52b6a15c,0,5b839da1ebf8974ee3cf2251bbeb5960047d54feb94e3f73eb2e6a54db4d472d,,garage_business
mois_x3,detail,8,Simulation,,,,,,,,,0.006,,,1992-11,OK,8ace65b4ed92038b7c22c5e4a5eeee1d52b6a15c,0,5b839da1ebf8974ee3cf2251bbeb5960047d54feb94e3f73eb2e6a54db4d472d,,seasonal
mois_x3,detail,8,Simulation,,,,,,,,,0.158,,,1992-11,OK,8ace65b4ed92038b7c22c5e4a5eeee1d52b6a15c,0,5b839da1ebf8974ee3cf2251bbeb5960047d54feb94e3f73eb2e6a54db4d472d,,subsidiaries
mois_x3,detail,8,Simulation,,,,,,,,,0.139,,,1992-11,OK,8ace65b4ed92038b7c22c5e4a5eeee1d52b6a15c,0,5b839da1ebf8974ee3cf2251bbeb5960047d54feb94e3f73eb2e6a54db4d472d,,objectives
mois_x3,detail,8,Simulation,,,,,,,,,0.026,,,1992-11,OK,8ace65b4ed92038b7c22c5e4a5eeee1d52b6a15c,0,5b839da1ebf8974ee3cf2251bbeb5960047d54feb94e3f73eb2e6a54db4d472d,,economy_bookkeeping
mois_x3,detail,8,Produits,,,,,,,,,0.096,,,1992-11,OK,8ace65b4ed92038b7c22c5e4a5eeee1d52b6a15c,0,5b839da1ebf8974ee3cf2251bbeb5960047d54feb94e3f73eb2e6a54db4d472d,,industry_signature
mois_x3,detail,8,Produits,,,,,,,,,0.1,,,1992-11,OK,8ace65b4ed92038b7c22c5e4a5eeee1d52b6a15c,0,5b839da1ebf8974ee3cf2251bbeb5960047d54feb94e3f73eb2e6a54db4d472d,,industrialization
mois_x3,detail,8,Produits,,,,,,,,,9.854,,,1992-11,OK,8ace65b4ed92038b7c22c5e4a5eeee1d52b6a15c,0,5b839da1ebf8974ee3cf2251bbeb5960047d54feb94e3f73eb2e6a54db4d472d,,portfolio
mois_x3,detail,8,Produits,,,,,,,,,10.019,,,1992-11,OK,8ace65b4ed92038b7c22c5e4a5eeee1d52b6a15c,0,5b839da1ebf8974ee3cf2251bbeb5960047d54feb94e3f73eb2e6a54db4d472d,,lifecycle_range
mois_x3,detail,8,Produits,,,,,,,,,2.582,,,1992-11,OK,8ace65b4ed92038b7c22c5e4a5eeee1d52b6a15c,0,5b839da1ebf8974ee3cf2251bbeb5960047d54feb94e3f73eb2e6a54db4d472d,,lifecycle_details
mois_x3,detail,8,Produits,,,,,,,,,13.021,,,1992-11,OK,8ace65b4ed92038b7c22c5e4a5eeee1d52b6a15c,0,5b839da1ebf8974ee3cf2251bbeb5960047d54feb94e3f73eb2e6a54db4d472d,,lifecycle_product_list
mois_x3,detail,8,Produits,,,,,,,,,0.011,,,1992-11,OK,8ace65b4ed92038b7c22c5e4a5eeee1d52b6a15c,0,5b839da1ebf8974ee3cf2251bbeb5960047d54feb94e3f73eb2e6a54db4d472d,,lifecycle_launch_card
mois_x3,detail,8,Produits,,,,,,,,,1.91,,,1992-11,OK,8ace65b4ed92038b7c22c5e4a5eeee1d52b6a15c,0,5b839da1ebf8974ee3cf2251bbeb5960047d54feb94e3f73eb2e6a54db4d472d,,lifecycle_month_card
mois_x3,detail,8,Produits,,,,,,,,,14.949,,,1992-11,OK,8ace65b4ed92038b7c22c5e4a5eeee1d52b6a15c,0,5b839da1ebf8974ee3cf2251bbeb5960047d54feb94e3f73eb2e6a54db4d472d,,lifecycle
mois_x3,detail,8,Produits,,,,,,,,,0.068,,,1992-11,OK,8ace65b4ed92038b7c22c5e4a5eeee1d52b6a15c,0,5b839da1ebf8974ee3cf2251bbeb5960047d54feb94e3f73eb2e6a54db4d472d,,after_sales
mois_x3,detail,8,Produits,,,,,,,,,0.012,,,1992-11,OK,8ace65b4ed92038b7c22c5e4a5eeee1d52b6a15c,0,5b839da1ebf8974ee3cf2251bbeb5960047d54feb94e3f73eb2e6a54db4d472d,,board
mois_x3,detail,8,Produits,,,,,,,,,0.12,,,1992-11,OK,8ace65b4ed92038b7c22c5e4a5eeee1d52b6a15c,0,5b839da1ebf8974ee3cf2251bbeb5960047d54feb94e3f73eb2e6a54db4d472d,,scene
mois_x3,detail,8,Produits,,,,,,,,,0.032,,,1992-11,OK,8ace65b4ed92038b7c22c5e4a5eeee1d52b6a15c,0,5b839da1ebf8974ee3cf2251bbeb5960047d54feb94e3f73eb2e6a54db4d472d,,badges
mois_x3,detail,8,Simulation,,,,,,,,,17.666,,,1992-11,OK,8ace65b4ed92038b7c22c5e4a5eeee1d52b6a15c,0,5b839da1ebf8974ee3cf2251bbeb5960047d54feb94e3f73eb2e6a54db4d472d,,economy_month_closed_callbacks
mois_x3,detail,8,Simulation,,,,,,,,,17.696,,,1992-11,OK,8ace65b4ed92038b7c22c5e4a5eeee1d52b6a15c,0,5b839da1ebf8974ee3cf2251bbeb5960047d54feb94e3f73eb2e6a54db4d472d,,economy_close_and_UI
mois_x3,detail,9,Simulation,,,,,,,,,1.007,,,1992-12,OK,8ace65b4ed92038b7c22c5e4a5eeee1d52b6a15c,0,5b839da1ebf8974ee3cf2251bbeb5960047d54feb94e3f73eb2e6a54db4d472d,,company
mois_x3,detail,9,Simulation,,,,,,,,,0.016,,,1992-12,OK,8ace65b4ed92038b7c22c5e4a5eeee1d52b6a15c,0,5b839da1ebf8974ee3cf2251bbeb5960047d54feb94e3f73eb2e6a54db4d472d,,divisions
mois_x3,detail,9,Simulation,,,,,,,,,0.247,,,1992-12,OK,8ace65b4ed92038b7c22c5e4a5eeee1d52b6a15c,0,5b839da1ebf8974ee3cf2251bbeb5960047d54feb94e3f73eb2e6a54db4d472d,,personnel
mois_x3,detail,9,Simulation,,,,,,,,,0.877,,,1992-12,OK,8ace65b4ed92038b7c22c5e4a5eeee1d52b6a15c,0,5b839da1ebf8974ee3cf2251bbeb5960047d54feb94e3f73eb2e6a54db4d472d,,executive
mois_x3,detail,9,Simulation,,,,,,,,,0.023,,,1992-12,OK,8ace65b4ed92038b7c22c5e4a5eeee1d52b6a15c,0,5b839da1ebf8974ee3cf2251bbeb5960047d54feb94e3f73eb2e6a54db4d472d,,personnel_begin
mois_x3,detail,9,Simulation,,,,,,,,,0.136,,,1992-12,OK,8ace65b4ed92038b7c22c5e4a5eeee1d52b6a15c,0,5b839da1ebf8974ee3cf2251bbeb5960047d54feb94e3f73eb2e6a54db4d472d,,research
mois_x3,detail,9,Simulation,,,,,,,,,1.154,,,1992-12,OK,8ace65b4ed92038b7c22c5e4a5eeee1d52b6a15c,0,5b839da1ebf8974ee3cf2251bbeb5960047d54feb94e3f73eb2e6a54db4d472d,,software
mois_x3,detail,9,Simulation,,,,,,,,,0.002,,,1992-12,OK,8ace65b4ed92038b7c22c5e4a5eeee1d52b6a15c,0,5b839da1ebf8974ee3cf2251bbeb5960047d54feb94e3f73eb2e6a54db4d472d,,personnel_end
mois_x3,detail,9,Simulation,,,,,,,,,0.204,,,1992-12,OK,8ace65b4ed92038b7c22c5e4a5eeee1d52b6a15c,0,5b839da1ebf8974ee3cf2251bbeb5960047d54feb94e3f73eb2e6a54db4d472d,,foundry
mois_x3,detail,9,Simulation,,,,,,,,,0.007,,,1992-12,OK,8ace65b4ed92038b7c22c5e4a5eeee1d52b6a15c,0,5b839da1ebf8974ee3cf2251bbeb5960047d54feb94e3f73eb2e6a54db4d472d,,production
mois_x3,detail,9,Simulation,,,,,,,,,8.194,,,1992-12,OK,8ace65b4ed92038b7c22c5e4a5eeee1d52b6a15c,0,5b839da1ebf8974ee3cf2251bbeb5960047d54feb94e3f73eb2e6a54db4d472d,,products
mois_x3,detail,9,Simulation,,,,,,,,,0.098,,,1992-12,OK,8ace65b4ed92038b7c22c5e4a5eeee1d52b6a15c,0,5b839da1ebf8974ee3cf2251bbeb5960047d54feb94e3f73eb2e6a54db4d472d,,architecture
mois_x3,detail,9,Simulation,,,,,,,,,0.096,,,1992-12,OK,8ace65b4ed92038b7c22c5e4a5eeee1d52b6a15c,0,5b839da1ebf8974ee3cf2251bbeb5960047d54feb94e3f73eb2e6a54db4d472d,,supplier
mois_x3,detail,9,Simulation,,,,,,,,,0.003,,,1992-12,OK,8ace65b4ed92038b7c22c5e4a5eeee1d52b6a15c,0,5b839da1ebf8974ee3cf2251bbeb5960047d54feb94e3f73eb2e6a54db4d472d,,after_sales
mois_x3,detail,9,Simulation,,,,,,,,,2.073,,,1992-12,OK,8ace65b4ed92038b7c22c5e4a5eeee1d52b6a15c,0,5b839da1ebf8974ee3cf2251bbeb5960047d54feb94e3f73eb2e6a54db4d472d,,market
mois_x3,detail,9,Simulation,,,,,,,,,0.888,,,1992-12,OK,8ace65b4ed92038b7c22c5e4a5eeee1d52b6a15c,0,5b839da1ebf8974ee3cf2251bbeb5960047d54feb94e3f73eb2e6a54db4d472d,,components
mois_x3,detail,9,Simulation,,,,,,,,,0.002,,,1992-12,OK,8ace65b4ed92038b7c22c5e4a5eeee1d52b6a15c,0,5b839da1ebf8974ee3cf2251bbeb5960047d54feb94e3f73eb2e6a54db4d472d,,patents
mois_x3,detail,9,Simulation,,,,,,,,,0.03,,,1992-12,OK,8ace65b4ed92038b7c22c5e4a5eeee1d52b6a15c,0,5b839da1ebf8974ee3cf2251bbeb5960047d54feb94e3f73eb2e6a54db4d472d,,garage_business
mois_x3,detail,9,Simulation,,,,,,,,,0.009,,,1992-12,OK,8ace65b4ed92038b7c22c5e4a5eeee1d52b6a15c,0,5b839da1ebf8974ee3cf2251bbeb5960047d54feb94e3f73eb2e6a54db4d472d,,seasonal
mois_x3,detail,9,Simulation,,,,,,,,,0.167,,,1992-12,OK,8ace65b4ed92038b7c22c5e4a5eeee1d52b6a15c,0,5b839da1ebf8974ee3cf2251bbeb5960047d54feb94e3f73eb2e6a54db4d472d,,subsidiaries
mois_x3,detail,9,Simulation,,,,,,,,,0.156,,,1992-12,OK,8ace65b4ed92038b7c22c5e4a5eeee1d52b6a15c,0,5b839da1ebf8974ee3cf2251bbeb5960047d54feb94e3f73eb2e6a54db4d472d,,objectives
mois_x3,detail,9,Simulation,,,,,,,,,0.029,,,1992-12,OK,8ace65b4ed92038b7c22c5e4a5eeee1d52b6a15c,0,5b839da1ebf8974ee3cf2251bbeb5960047d54feb94e3f73eb2e6a54db4d472d,,economy_bookkeeping
mois_x3,detail,9,Produits,,,,,,,,,0.086,,,1992-12,OK,8ace65b4ed92038b7c22c5e4a5eeee1d52b6a15c,0,5b839da1ebf8974ee3cf2251bbeb5960047d54feb94e3f73eb2e6a54db4d472d,,industry_signature
mois_x3,detail,9,Produits,,,,,,,,,0.41,,,1992-12,OK,8ace65b4ed92038b7c22c5e4a5eeee1d52b6a15c,0,5b839da1ebf8974ee3cf2251bbeb5960047d54feb94e3f73eb2e6a54db4d472d,,industry_jobs
mois_x3,detail,9,Produits,,,,,,,,,1.962,,,1992-12,OK,8ace65b4ed92038b7c22c5e4a5eeee1d52b6a15c,0,5b839da1ebf8974ee3cf2251bbeb5960047d54feb94e3f73eb2e6a54db4d472d,,industry_fab
mois_x3,detail,9,Produits,,,,,,,,,7.747,,,1992-12,OK,8ace65b4ed92038b7c22c5e4a5eeee1d52b6a15c,0,5b839da1ebf8974ee3cf2251bbeb5960047d54feb94e3f73eb2e6a54db4d472d,,industry_done
mois_x3,detail,9,Produits,,,,,,,,,1.491,,,1992-12,OK,8ace65b4ed92038b7c22c5e4a5eeee1d52b6a15c,0,5b839da1ebf8974ee3cf2251bbeb5960047d54feb94e3f73eb2e6a54db4d472d,,industry_foundries
mois_x3,detail,9,Produits,,,,,,,,,11.99,,,1992-12,OK,8ace65b4ed92038b7c22c5e4a5eeee1d52b6a15c,0,5b839da1ebf8974ee3cf2251bbeb5960047d54feb94e3f73eb2e6a54db4d472d,,industrialization
mois_x3,detail,9,Produits,,,,,,,,,8.034,,,1992-12,OK,8ace65b4ed92038b7c22c5e4a5eeee1d52b6a15c,0,5b839da1ebf8974ee3cf2251bbeb5960047d54feb94e3f73eb2e6a54db4d472d,,portfolio
mois_x3,detail,9,Produits,,,,,,,,,8.209,,,1992-12,OK,8ace65b4ed92038b7c22c5e4a5eeee1d52b6a15c,0,5b839da1ebf8974ee3cf2251bbeb5960047d54feb94e3f73eb2e6a54db4d472d,,lifecycle_range
mois_x3,detail,9,Produits,,,,,,,,,2.67,,,1992-12,OK,8ace65b4ed92038b7c22c5e4a5eeee1d52b6a15c,0,5b839da1ebf8974ee3cf2251bbeb5960047d54feb94e3f73eb2e6a54db4d472d,,lifecycle_details
mois_x3,detail,9,Produits,,,,,,,,,11.259,,,1992-12,OK,8ace65b4ed92038b7c22c5e4a5eeee1d52b6a15c,0,5b839da1ebf8974ee3cf2251bbeb5960047d54feb94e3f73eb2e6a54db4d472d,,lifecycle_product_list
mois_x3,detail,9,Produits,,,,,,,,,0.011,,,1992-12,OK,8ace65b4ed92038b7c22c5e4a5eeee1d52b6a15c,0,5b839da1ebf8974ee3cf2251bbeb5960047d54feb94e3f73eb2e6a54db4d472d,,lifecycle_launch_card
mois_x3,detail,9,Produits,,,,,,,,,1.643,,,1992-12,OK,8ace65b4ed92038b7c22c5e4a5eeee1d52b6a15c,0,5b839da1ebf8974ee3cf2251bbeb5960047d54feb94e3f73eb2e6a54db4d472d,,lifecycle_month_card
mois_x3,detail,9,Produits,,,,,,,,,12.919,,,1992-12,OK,8ace65b4ed92038b7c22c5e4a5eeee1d52b6a15c,0,5b839da1ebf8974ee3cf2251bbeb5960047d54feb94e3f73eb2e6a54db4d472d,,lifecycle
mois_x3,detail,9,Produits,,,,,,,,,0.061,,,1992-12,OK,8ace65b4ed92038b7c22c5e4a5eeee1d52b6a15c,0,5b839da1ebf8974ee3cf2251bbeb5960047d54feb94e3f73eb2e6a54db4d472d,,after_sales
mois_x3,detail,9,Produits,,,,,,,,,0.011,,,1992-12,OK,8ace65b4ed92038b7c22c5e4a5eeee1d52b6a15c,0,5b839da1ebf8974ee3cf2251bbeb5960047d54feb94e3f73eb2e6a54db4d472d,,board
mois_x3,detail,9,Produits,,,,,,,,,0.121,,,1992-12,OK,8ace65b4ed92038b7c22c5e4a5eeee1d52b6a15c,0,5b839da1ebf8974ee3cf2251bbeb5960047d54feb94e3f73eb2e6a54db4d472d,,scene
mois_x3,detail,9,Produits,,,,,,,,,0.03,,,1992-12,OK,8ace65b4ed92038b7c22c5e4a5eeee1d52b6a15c,0,5b839da1ebf8974ee3cf2251bbeb5960047d54feb94e3f73eb2e6a54db4d472d,,badges
mois_x3,detail,9,Simulation,,,,,,,,,26.785,,,1992-12,OK,8ace65b4ed92038b7c22c5e4a5eeee1d52b6a15c,0,5b839da1ebf8974ee3cf2251bbeb5960047d54feb94e3f73eb2e6a54db4d472d,,economy_month_closed_callbacks
mois_x3,detail,9,Simulation,,,,,,,,,26.819,,,1992-12,OK,8ace65b4ed92038b7c22c5e4a5eeee1d52b6a15c,0,5b839da1ebf8974ee3cf2251bbeb5960047d54feb94e3f73eb2e6a54db4d472d,,economy_close_and_UI
mois_x3,detail,10,Simulation,,,,,,,,,0.682,,,1993-1,OK,8ace65b4ed92038b7c22c5e4a5eeee1d52b6a15c,0,5b839da1ebf8974ee3cf2251bbeb5960047d54feb94e3f73eb2e6a54db4d472d,,company
mois_x3,detail,10,Simulation,,,,,,,,,0.017,,,1993-1,OK,8ace65b4ed92038b7c22c5e4a5eeee1d52b6a15c,0,5b839da1ebf8974ee3cf2251bbeb5960047d54feb94e3f73eb2e6a54db4d472d,,divisions
mois_x3,detail,10,Simulation,,,,,,,,,0.216,,,1993-1,OK,8ace65b4ed92038b7c22c5e4a5eeee1d52b6a15c,0,5b839da1ebf8974ee3cf2251bbeb5960047d54feb94e3f73eb2e6a54db4d472d,,personnel
mois_x3,detail,10,Simulation,,,,,,,,,0.833,,,1993-1,OK,8ace65b4ed92038b7c22c5e4a5eeee1d52b6a15c,0,5b839da1ebf8974ee3cf2251bbeb5960047d54feb94e3f73eb2e6a54db4d472d,,executive
mois_x3,detail,10,Simulation,,,,,,,,,0.027,,,1993-1,OK,8ace65b4ed92038b7c22c5e4a5eeee1d52b6a15c,0,5b839da1ebf8974ee3cf2251bbeb5960047d54feb94e3f73eb2e6a54db4d472d,,personnel_begin
mois_x3,detail,10,Simulation,,,,,,,,,0.131,,,1993-1,OK,8ace65b4ed92038b7c22c5e4a5eeee1d52b6a15c,0,5b839da1ebf8974ee3cf2251bbeb5960047d54feb94e3f73eb2e6a54db4d472d,,research
mois_x3,detail,10,Simulation,,,,,,,,,0.984,,,1993-1,OK,8ace65b4ed92038b7c22c5e4a5eeee1d52b6a15c,0,5b839da1ebf8974ee3cf2251bbeb5960047d54feb94e3f73eb2e6a54db4d472d,,software
mois_x3,detail,10,Simulation,,,,,,,,,0.002,,,1993-1,OK,8ace65b4ed92038b7c22c5e4a5eeee1d52b6a15c,0,5b839da1ebf8974ee3cf2251bbeb5960047d54feb94e3f73eb2e6a54db4d472d,,personnel_end
mois_x3,detail,10,Simulation,,,,,,,,,0.244,,,1993-1,OK,8ace65b4ed92038b7c22c5e4a5eeee1d52b6a15c,0,5b839da1ebf8974ee3cf2251bbeb5960047d54feb94e3f73eb2e6a54db4d472d,,foundry
mois_x3,detail,10,Simulation,,,,,,,,,0.007,,,1993-1,OK,8ace65b4ed92038b7c22c5e4a5eeee1d52b6a15c,0,5b839da1ebf8974ee3cf2251bbeb5960047d54feb94e3f73eb2e6a54db4d472d,,production
mois_x3,detail,10,Simulation,,,,,,,,,8.363,,,1993-1,OK,8ace65b4ed92038b7c22c5e4a5eeee1d52b6a15c,0,5b839da1ebf8974ee3cf2251bbeb5960047d54feb94e3f73eb2e6a54db4d472d,,products
mois_x3,detail,10,Simulation,,,,,,,,,0.072,,,1993-1,OK,8ace65b4ed92038b7c22c5e4a5eeee1d52b6a15c,0,5b839da1ebf8974ee3cf2251bbeb5960047d54feb94e3f73eb2e6a54db4d472d,,architecture
mois_x3,detail,10,Simulation,,,,,,,,,0.089,,,1993-1,OK,8ace65b4ed92038b7c22c5e4a5eeee1d52b6a15c,0,5b839da1ebf8974ee3cf2251bbeb5960047d54feb94e3f73eb2e6a54db4d472d,,supplier
mois_x3,detail,10,Simulation,,,,,,,,,0.002,,,1993-1,OK,8ace65b4ed92038b7c22c5e4a5eeee1d52b6a15c,0,5b839da1ebf8974ee3cf2251bbeb5960047d54feb94e3f73eb2e6a54db4d472d,,after_sales
mois_x3,detail,10,Simulation,,,,,,,,,1.484,,,1993-1,OK,8ace65b4ed92038b7c22c5e4a5eeee1d52b6a15c,0,5b839da1ebf8974ee3cf2251bbeb5960047d54feb94e3f73eb2e6a54db4d472d,,market
mois_x3,detail,10,Simulation,,,,,,,,,0.939,,,1993-1,OK,8ace65b4ed92038b7c22c5e4a5eeee1d52b6a15c,0,5b839da1ebf8974ee3cf2251bbeb5960047d54feb94e3f73eb2e6a54db4d472d,,components
mois_x3,detail,10,Simulation,,,,,,,,,0.003,,,1993-1,OK,8ace65b4ed92038b7c22c5e4a5eeee1d52b6a15c,0,5b839da1ebf8974ee3cf2251bbeb5960047d54feb94e3f73eb2e6a54db4d472d,,patents
mois_x3,detail,10,Simulation,,,,,,,,,0.026,,,1993-1,OK,8ace65b4ed92038b7c22c5e4a5eeee1d52b6a15c,0,5b839da1ebf8974ee3cf2251bbeb5960047d54feb94e3f73eb2e6a54db4d472d,,garage_business
mois_x3,detail,10,Simulation,,,,,,,,,0.003,,,1993-1,OK,8ace65b4ed92038b7c22c5e4a5eeee1d52b6a15c,0,5b839da1ebf8974ee3cf2251bbeb5960047d54feb94e3f73eb2e6a54db4d472d,,seasonal
mois_x3,detail,10,Simulation,,,,,,,,,0.148,,,1993-1,OK,8ace65b4ed92038b7c22c5e4a5eeee1d52b6a15c,0,5b839da1ebf8974ee3cf2251bbeb5960047d54feb94e3f73eb2e6a54db4d472d,,subsidiaries
mois_x3,detail,10,Simulation,,,,,,,,,0.131,,,1993-1,OK,8ace65b4ed92038b7c22c5e4a5eeee1d52b6a15c,0,5b839da1ebf8974ee3cf2251bbeb5960047d54feb94e3f73eb2e6a54db4d472d,,objectives
mois_x3,detail,10,Simulation,,,,,,,,,0.025,,,1993-1,OK,8ace65b4ed92038b7c22c5e4a5eeee1d52b6a15c,0,5b839da1ebf8974ee3cf2251bbeb5960047d54feb94e3f73eb2e6a54db4d472d,,economy_bookkeeping
mois_x3,detail,10,Produits,,,,,,,,,0.114,,,1993-1,OK,8ace65b4ed92038b7c22c5e4a5eeee1d52b6a15c,0,5b839da1ebf8974ee3cf2251bbeb5960047d54feb94e3f73eb2e6a54db4d472d,,industry_signature
mois_x3,detail,10,Produits,,,,,,,,,0.467,,,1993-1,OK,8ace65b4ed92038b7c22c5e4a5eeee1d52b6a15c,0,5b839da1ebf8974ee3cf2251bbeb5960047d54feb94e3f73eb2e6a54db4d472d,,industry_jobs
mois_x3,detail,10,Produits,,,,,,,,,1.941,,,1993-1,OK,8ace65b4ed92038b7c22c5e4a5eeee1d52b6a15c,0,5b839da1ebf8974ee3cf2251bbeb5960047d54feb94e3f73eb2e6a54db4d472d,,industry_fab
mois_x3,detail,10,Produits,,,,,,,,,8.585,,,1993-1,OK,8ace65b4ed92038b7c22c5e4a5eeee1d52b6a15c,0,5b839da1ebf8974ee3cf2251bbeb5960047d54feb94e3f73eb2e6a54db4d472d,,industry_done
mois_x3,detail,10,Produits,,,,,,,,,1.297,,,1993-1,OK,8ace65b4ed92038b7c22c5e4a5eeee1d52b6a15c,0,5b839da1ebf8974ee3cf2251bbeb5960047d54feb94e3f73eb2e6a54db4d472d,,industry_foundries
mois_x3,detail,10,Produits,,,,,,,,,12.648,,,1993-1,OK,8ace65b4ed92038b7c22c5e4a5eeee1d52b6a15c,0,5b839da1ebf8974ee3cf2251bbeb5960047d54feb94e3f73eb2e6a54db4d472d,,industrialization
mois_x3,detail,10,Produits,,,,,,,,,8.126,,,1993-1,OK,8ace65b4ed92038b7c22c5e4a5eeee1d52b6a15c,0,5b839da1ebf8974ee3cf2251bbeb5960047d54feb94e3f73eb2e6a54db4d472d,,portfolio
mois_x3,detail,10,Produits,,,,,,,,,8.268,,,1993-1,OK,8ace65b4ed92038b7c22c5e4a5eeee1d52b6a15c,0,5b839da1ebf8974ee3cf2251bbeb5960047d54feb94e3f73eb2e6a54db4d472d,,lifecycle_range
mois_x3,detail,10,Produits,,,,,,,,,2.536,,,1993-1,OK,8ace65b4ed92038b7c22c5e4a5eeee1d52b6a15c,0,5b839da1ebf8974ee3cf2251bbeb5960047d54feb94e3f73eb2e6a54db4d472d,,lifecycle_details
mois_x3,detail,10,Produits,,,,,,,,,11.054,,,1993-1,OK,8ace65b4ed92038b7c22c5e4a5eeee1d52b6a15c,0,5b839da1ebf8974ee3cf2251bbeb5960047d54feb94e3f73eb2e6a54db4d472d,,lifecycle_product_list
mois_x3,detail,10,Produits,,,,,,,,,0.013,,,1993-1,OK,8ace65b4ed92038b7c22c5e4a5eeee1d52b6a15c,0,5b839da1ebf8974ee3cf2251bbeb5960047d54feb94e3f73eb2e6a54db4d472d,,lifecycle_launch_card
mois_x3,detail,10,Produits,,,,,,,,,2.114,,,1993-1,OK,8ace65b4ed92038b7c22c5e4a5eeee1d52b6a15c,0,5b839da1ebf8974ee3cf2251bbeb5960047d54feb94e3f73eb2e6a54db4d472d,,lifecycle_month_card
mois_x3,detail,10,Produits,,,,,,,,,13.193,,,1993-1,OK,8ace65b4ed92038b7c22c5e4a5eeee1d52b6a15c,0,5b839da1ebf8974ee3cf2251bbeb5960047d54feb94e3f73eb2e6a54db4d472d,,lifecycle
mois_x3,detail,10,Produits,,,,,,,,,0.116,,,1993-1,OK,8ace65b4ed92038b7c22c5e4a5eeee1d52b6a15c,0,5b839da1ebf8974ee3cf2251bbeb5960047d54feb94e3f73eb2e6a54db4d472d,,after_sales
mois_x3,detail,10,Produits,,,,,,,,,0.015,,,1993-1,OK,8ace65b4ed92038b7c22c5e4a5eeee1d52b6a15c,0,5b839da1ebf8974ee3cf2251bbeb5960047d54feb94e3f73eb2e6a54db4d472d,,board
mois_x3,detail,10,Produits,,,,,,,,,0.241,,,1993-1,OK,8ace65b4ed92038b7c22c5e4a5eeee1d52b6a15c,0,5b839da1ebf8974ee3cf2251bbeb5960047d54feb94e3f73eb2e6a54db4d472d,,scene
mois_x3,detail,10,Produits,,,,,,,,,0.059,,,1993-1,OK,8ace65b4ed92038b7c22c5e4a5eeee1d52b6a15c,0,5b839da1ebf8974ee3cf2251bbeb5960047d54feb94e3f73eb2e6a54db4d472d,,badges
mois_x3,detail,10,Simulation,,,,,,,,,28.493,,,1993-1,OK,8ace65b4ed92038b7c22c5e4a5eeee1d52b6a15c,0,5b839da1ebf8974ee3cf2251bbeb5960047d54feb94e3f73eb2e6a54db4d472d,,economy_month_closed_callbacks
mois_x3,detail,10,Simulation,,,,,,,,,28.523,,,1993-1,OK,8ace65b4ed92038b7c22c5e4a5eeee1d52b6a15c,0,5b839da1ebf8974ee3cf2251bbeb5960047d54feb94e3f73eb2e6a54db4d472d,,economy_close_and_UI
mois_x3,detail,11,Simulation,,,,,,,,,0.688,,,1993-2,OK,8ace65b4ed92038b7c22c5e4a5eeee1d52b6a15c,0,5b839da1ebf8974ee3cf2251bbeb5960047d54feb94e3f73eb2e6a54db4d472d,,company
mois_x3,detail,11,Simulation,,,,,,,,,0.016,,,1993-2,OK,8ace65b4ed92038b7c22c5e4a5eeee1d52b6a15c,0,5b839da1ebf8974ee3cf2251bbeb5960047d54feb94e3f73eb2e6a54db4d472d,,divisions
mois_x3,detail,11,Simulation,,,,,,,,,0.217,,,1993-2,OK,8ace65b4ed92038b7c22c5e4a5eeee1d52b6a15c,0,5b839da1ebf8974ee3cf2251bbeb5960047d54feb94e3f73eb2e6a54db4d472d,,personnel
mois_x3,detail,11,Simulation,,,,,,,,,1.11,,,1993-2,OK,8ace65b4ed92038b7c22c5e4a5eeee1d52b6a15c,0,5b839da1ebf8974ee3cf2251bbeb5960047d54feb94e3f73eb2e6a54db4d472d,,executive
mois_x3,detail,11,Simulation,,,,,,,,,0.025,,,1993-2,OK,8ace65b4ed92038b7c22c5e4a5eeee1d52b6a15c,0,5b839da1ebf8974ee3cf2251bbeb5960047d54feb94e3f73eb2e6a54db4d472d,,personnel_begin
mois_x3,detail,11,Simulation,,,,,,,,,0.127,,,1993-2,OK,8ace65b4ed92038b7c22c5e4a5eeee1d52b6a15c,0,5b839da1ebf8974ee3cf2251bbeb5960047d54feb94e3f73eb2e6a54db4d472d,,research
mois_x3,detail,11,Simulation,,,,,,,,,0.978,,,1993-2,OK,8ace65b4ed92038b7c22c5e4a5eeee1d52b6a15c,0,5b839da1ebf8974ee3cf2251bbeb5960047d54feb94e3f73eb2e6a54db4d472d,,software
mois_x3,detail,11,Simulation,,,,,,,,,0.001,,,1993-2,OK,8ace65b4ed92038b7c22c5e4a5eeee1d52b6a15c,0,5b839da1ebf8974ee3cf2251bbeb5960047d54feb94e3f73eb2e6a54db4d472d,,personnel_end
mois_x3,detail,11,Simulation,,,,,,,,,0.209,,,1993-2,OK,8ace65b4ed92038b7c22c5e4a5eeee1d52b6a15c,0,5b839da1ebf8974ee3cf2251bbeb5960047d54feb94e3f73eb2e6a54db4d472d,,foundry
mois_x3,detail,11,Simulation,,,,,,,,,0.008,,,1993-2,OK,8ace65b4ed92038b7c22c5e4a5eeee1d52b6a15c,0,5b839da1ebf8974ee3cf2251bbeb5960047d54feb94e3f73eb2e6a54db4d472d,,production
mois_x3,detail,11,Simulation,,,,,,,,,6.667,,,1993-2,OK,8ace65b4ed92038b7c22c5e4a5eeee1d52b6a15c,0,5b839da1ebf8974ee3cf2251bbeb5960047d54feb94e3f73eb2e6a54db4d472d,,products
mois_x3,detail,11,Simulation,,,,,,,,,0.071,,,1993-2,OK,8ace65b4ed92038b7c22c5e4a5eeee1d52b6a15c,0,5b839da1ebf8974ee3cf2251bbeb5960047d54feb94e3f73eb2e6a54db4d472d,,architecture
mois_x3,detail,11,Simulation,,,,,,,,,0.106,,,1993-2,OK,8ace65b4ed92038b7c22c5e4a5eeee1d52b6a15c,0,5b839da1ebf8974ee3cf2251bbeb5960047d54feb94e3f73eb2e6a54db4d472d,,supplier
mois_x3,detail,11,Simulation,,,,,,,,,0.003,,,1993-2,OK,8ace65b4ed92038b7c22c5e4a5eeee1d52b6a15c,0,5b839da1ebf8974ee3cf2251bbeb5960047d54feb94e3f73eb2e6a54db4d472d,,after_sales
mois_x3,detail,11,Simulation,,,,,,,,,1.15,,,1993-2,OK,8ace65b4ed92038b7c22c5e4a5eeee1d52b6a15c,0,5b839da1ebf8974ee3cf2251bbeb5960047d54feb94e3f73eb2e6a54db4d472d,,market
mois_x3,detail,11,Simulation,,,,,,,,,1.141,,,1993-2,OK,8ace65b4ed92038b7c22c5e4a5eeee1d52b6a15c,0,5b839da1ebf8974ee3cf2251bbeb5960047d54feb94e3f73eb2e6a54db4d472d,,components
mois_x3,detail,11,Simulation,,,,,,,,,0.004,,,1993-2,OK,8ace65b4ed92038b7c22c5e4a5eeee1d52b6a15c,0,5b839da1ebf8974ee3cf2251bbeb5960047d54feb94e3f73eb2e6a54db4d472d,,patents
mois_x3,detail,11,Simulation,,,,,,,,,0.037,,,1993-2,OK,8ace65b4ed92038b7c22c5e4a5eeee1d52b6a15c,0,5b839da1ebf8974ee3cf2251bbeb5960047d54feb94e3f73eb2e6a54db4d472d,,garage_business
mois_x3,detail,11,Simulation,,,,,,,,,0.004,,,1993-2,OK,8ace65b4ed92038b7c22c5e4a5eeee1d52b6a15c,0,5b839da1ebf8974ee3cf2251bbeb5960047d54feb94e3f73eb2e6a54db4d472d,,seasonal
mois_x3,detail,11,Simulation,,,,,,,,,0.233,,,1993-2,OK,8ace65b4ed92038b7c22c5e4a5eeee1d52b6a15c,0,5b839da1ebf8974ee3cf2251bbeb5960047d54feb94e3f73eb2e6a54db4d472d,,subsidiaries
mois_x3,detail,11,Simulation,,,,,,,,,0.191,,,1993-2,OK,8ace65b4ed92038b7c22c5e4a5eeee1d52b6a15c,0,5b839da1ebf8974ee3cf2251bbeb5960047d54feb94e3f73eb2e6a54db4d472d,,objectives
mois_x3,detail,11,Simulation,,,,,,,,,0.034,,,1993-2,OK,8ace65b4ed92038b7c22c5e4a5eeee1d52b6a15c,0,5b839da1ebf8974ee3cf2251bbeb5960047d54feb94e3f73eb2e6a54db4d472d,,economy_bookkeeping
mois_x3,detail,11,Produits,,,,,,,,,0.089,,,1993-2,OK,8ace65b4ed92038b7c22c5e4a5eeee1d52b6a15c,0,5b839da1ebf8974ee3cf2251bbeb5960047d54feb94e3f73eb2e6a54db4d472d,,industry_signature
mois_x3,detail,11,Produits,,,,,,,,,0.429,,,1993-2,OK,8ace65b4ed92038b7c22c5e4a5eeee1d52b6a15c,0,5b839da1ebf8974ee3cf2251bbeb5960047d54feb94e3f73eb2e6a54db4d472d,,industry_jobs
mois_x3,detail,11,Produits,,,,,,,,,1.899,,,1993-2,OK,8ace65b4ed92038b7c22c5e4a5eeee1d52b6a15c,0,5b839da1ebf8974ee3cf2251bbeb5960047d54feb94e3f73eb2e6a54db4d472d,,industry_fab
mois_x3,detail,11,Produits,,,,,,,,,8.337,,,1993-2,OK,8ace65b4ed92038b7c22c5e4a5eeee1d52b6a15c,0,5b839da1ebf8974ee3cf2251bbeb5960047d54feb94e3f73eb2e6a54db4d472d,,industry_done
mois_x3,detail,11,Produits,,,,,,,,,1.113,,,1993-2,OK,8ace65b4ed92038b7c22c5e4a5eeee1d52b6a15c,0,5b839da1ebf8974ee3cf2251bbeb5960047d54feb94e3f73eb2e6a54db4d472d,,industry_foundries
mois_x3,detail,11,Produits,,,,,,,,,12.083,,,1993-2,OK,8ace65b4ed92038b7c22c5e4a5eeee1d52b6a15c,0,5b839da1ebf8974ee3cf2251bbeb5960047d54feb94e3f73eb2e6a54db4d472d,,industrialization
mois_x3,detail,11,Produits,,,,,,,,,7.772,,,1993-2,OK,8ace65b4ed92038b7c22c5e4a5eeee1d52b6a15c,0,5b839da1ebf8974ee3cf2251bbeb5960047d54feb94e3f73eb2e6a54db4d472d,,portfolio
mois_x3,detail,11,Produits,,,,,,,,,7.924,,,1993-2,OK,8ace65b4ed92038b7c22c5e4a5eeee1d52b6a15c,0,5b839da1ebf8974ee3cf2251bbeb5960047d54feb94e3f73eb2e6a54db4d472d,,lifecycle_range
mois_x3,detail,11,Produits,,,,,,,,,2.37,,,1993-2,OK,8ace65b4ed92038b7c22c5e4a5eeee1d52b6a15c,0,5b839da1ebf8974ee3cf2251bbeb5960047d54feb94e3f73eb2e6a54db4d472d,,lifecycle_details
mois_x3,detail,11,Produits,,,,,,,,,10.549,,,1993-2,OK,8ace65b4ed92038b7c22c5e4a5eeee1d52b6a15c,0,5b839da1ebf8974ee3cf2251bbeb5960047d54feb94e3f73eb2e6a54db4d472d,,lifecycle_product_list
mois_x3,detail,11,Produits,,,,,,,,,0.011,,,1993-2,OK,8ace65b4ed92038b7c22c5e4a5eeee1d52b6a15c,0,5b839da1ebf8974ee3cf2251bbeb5960047d54feb94e3f73eb2e6a54db4d472d,,lifecycle_launch_card
mois_x3,detail,11,Produits,,,,,,,,,1.606,,,1993-2,OK,8ace65b4ed92038b7c22c5e4a5eeee1d52b6a15c,0,5b839da1ebf8974ee3cf2251bbeb5960047d54feb94e3f73eb2e6a54db4d472d,,lifecycle_month_card
mois_x3,detail,11,Produits,,,,,,,,,12.173,,,1993-2,OK,8ace65b4ed92038b7c22c5e4a5eeee1d52b6a15c,0,5b839da1ebf8974ee3cf2251bbeb5960047d54feb94e3f73eb2e6a54db4d472d,,lifecycle
mois_x3,detail,11,Produits,,,,,,,,,0.074,,,1993-2,OK,8ace65b4ed92038b7c22c5e4a5eeee1d52b6a15c,0,5b839da1ebf8974ee3cf2251bbeb5960047d54feb94e3f73eb2e6a54db4d472d,,after_sales
mois_x3,detail,11,Produits,,,,,,,,,0.011,,,1993-2,OK,8ace65b4ed92038b7c22c5e4a5eeee1d52b6a15c,0,5b839da1ebf8974ee3cf2251bbeb5960047d54feb94e3f73eb2e6a54db4d472d,,board
mois_x3,detail,11,Produits,,,,,,,,,0.114,,,1993-2,OK,8ace65b4ed92038b7c22c5e4a5eeee1d52b6a15c,0,5b839da1ebf8974ee3cf2251bbeb5960047d54feb94e3f73eb2e6a54db4d472d,,scene
mois_x3,detail,11,Produits,,,,,,,,,0.031,,,1993-2,OK,8ace65b4ed92038b7c22c5e4a5eeee1d52b6a15c,0,5b839da1ebf8974ee3cf2251bbeb5960047d54feb94e3f73eb2e6a54db4d472d,,badges
mois_x3,detail,11,Simulation,,,,,,,,,26.582,,,1993-2,OK,8ace65b4ed92038b7c22c5e4a5eeee1d52b6a15c,0,5b839da1ebf8974ee3cf2251bbeb5960047d54feb94e3f73eb2e6a54db4d472d,,economy_month_closed_callbacks
mois_x3,detail,11,Simulation,,,,,,,,,26.621,,,1993-2,OK,8ace65b4ed92038b7c22c5e4a5eeee1d52b6a15c,0,5b839da1ebf8974ee3cf2251bbeb5960047d54feb94e3f73eb2e6a54db4d472d,,economy_close_and_UI
mois_x3,detail,12,Simulation,,,,,,,,,0.772,,,1993-3,OK,8ace65b4ed92038b7c22c5e4a5eeee1d52b6a15c,0,5b839da1ebf8974ee3cf2251bbeb5960047d54feb94e3f73eb2e6a54db4d472d,,company
mois_x3,detail,12,Simulation,,,,,,,,,0.02,,,1993-3,OK,8ace65b4ed92038b7c22c5e4a5eeee1d52b6a15c,0,5b839da1ebf8974ee3cf2251bbeb5960047d54feb94e3f73eb2e6a54db4d472d,,divisions
mois_x3,detail,12,Simulation,,,,,,,,,0.247,,,1993-3,OK,8ace65b4ed92038b7c22c5e4a5eeee1d52b6a15c,0,5b839da1ebf8974ee3cf2251bbeb5960047d54feb94e3f73eb2e6a54db4d472d,,personnel
mois_x3,detail,12,Simulation,,,,,,,,,0.831,,,1993-3,OK,8ace65b4ed92038b7c22c5e4a5eeee1d52b6a15c,0,5b839da1ebf8974ee3cf2251bbeb5960047d54feb94e3f73eb2e6a54db4d472d,,executive
mois_x3,detail,12,Simulation,,,,,,,,,0.025,,,1993-3,OK,8ace65b4ed92038b7c22c5e4a5eeee1d52b6a15c,0,5b839da1ebf8974ee3cf2251bbeb5960047d54feb94e3f73eb2e6a54db4d472d,,personnel_begin
mois_x3,detail,12,Simulation,,,,,,,,,0.145,,,1993-3,OK,8ace65b4ed92038b7c22c5e4a5eeee1d52b6a15c,0,5b839da1ebf8974ee3cf2251bbeb5960047d54feb94e3f73eb2e6a54db4d472d,,research
mois_x3,detail,12,Simulation,,,,,,,,,1.239,,,1993-3,OK,8ace65b4ed92038b7c22c5e4a5eeee1d52b6a15c,0,5b839da1ebf8974ee3cf2251bbeb5960047d54feb94e3f73eb2e6a54db4d472d,,software
mois_x3,detail,12,Simulation,,,,,,,,,0.001,,,1993-3,OK,8ace65b4ed92038b7c22c5e4a5eeee1d52b6a15c,0,5b839da1ebf8974ee3cf2251bbeb5960047d54feb94e3f73eb2e6a54db4d472d,,personnel_end
mois_x3,detail,12,Simulation,,,,,,,,,0.204,,,1993-3,OK,8ace65b4ed92038b7c22c5e4a5eeee1d52b6a15c,0,5b839da1ebf8974ee3cf2251bbeb5960047d54feb94e3f73eb2e6a54db4d472d,,foundry
mois_x3,detail,12,Simulation,,,,,,,,,0.008,,,1993-3,OK,8ace65b4ed92038b7c22c5e4a5eeee1d52b6a15c,0,5b839da1ebf8974ee3cf2251bbeb5960047d54feb94e3f73eb2e6a54db4d472d,,production
mois_x3,detail,12,Simulation,,,,,,,,,6.996,,,1993-3,OK,8ace65b4ed92038b7c22c5e4a5eeee1d52b6a15c,0,5b839da1ebf8974ee3cf2251bbeb5960047d54feb94e3f73eb2e6a54db4d472d,,products
mois_x3,detail,12,Simulation,,,,,,,,,0.08,,,1993-3,OK,8ace65b4ed92038b7c22c5e4a5eeee1d52b6a15c,0,5b839da1ebf8974ee3cf2251bbeb5960047d54feb94e3f73eb2e6a54db4d472d,,architecture
mois_x3,detail,12,Simulation,,,,,,,,,0.087,,,1993-3,OK,8ace65b4ed92038b7c22c5e4a5eeee1d52b6a15c,0,5b839da1ebf8974ee3cf2251bbeb5960047d54feb94e3f73eb2e6a54db4d472d,,supplier
mois_x3,detail,12,Simulation,,,,,,,,,0.002,,,1993-3,OK,8ace65b4ed92038b7c22c5e4a5eeee1d52b6a15c,0,5b839da1ebf8974ee3cf2251bbeb5960047d54feb94e3f73eb2e6a54db4d472d,,after_sales
mois_x3,detail,12,Simulation,,,,,,,,,1.836,,,1993-3,OK,8ace65b4ed92038b7c22c5e4a5eeee1d52b6a15c,0,5b839da1ebf8974ee3cf2251bbeb5960047d54feb94e3f73eb2e6a54db4d472d,,market
mois_x3,detail,12,Simulation,,,,,,,,,0.955,,,1993-3,OK,8ace65b4ed92038b7c22c5e4a5eeee1d52b6a15c,0,5b839da1ebf8974ee3cf2251bbeb5960047d54feb94e3f73eb2e6a54db4d472d,,components
mois_x3,detail,12,Simulation,,,,,,,,,0.002,,,1993-3,OK,8ace65b4ed92038b7c22c5e4a5eeee1d52b6a15c,0,5b839da1ebf8974ee3cf2251bbeb5960047d54feb94e3f73eb2e6a54db4d472d,,patents
mois_x3,detail,12,Simulation,,,,,,,,,0.027,,,1993-3,OK,8ace65b4ed92038b7c22c5e4a5eeee1d52b6a15c,0,5b839da1ebf8974ee3cf2251bbeb5960047d54feb94e3f73eb2e6a54db4d472d,,garage_business
mois_x3,detail,12,Simulation,,,,,,,,,0.003,,,1993-3,OK,8ace65b4ed92038b7c22c5e4a5eeee1d52b6a15c,0,5b839da1ebf8974ee3cf2251bbeb5960047d54feb94e3f73eb2e6a54db4d472d,,seasonal
mois_x3,detail,12,Simulation,,,,,,,,,0.183,,,1993-3,OK,8ace65b4ed92038b7c22c5e4a5eeee1d52b6a15c,0,5b839da1ebf8974ee3cf2251bbeb5960047d54feb94e3f73eb2e6a54db4d472d,,subsidiaries
mois_x3,detail,12,Simulation,,,,,,,,,0.164,,,1993-3,OK,8ace65b4ed92038b7c22c5e4a5eeee1d52b6a15c,0,5b839da1ebf8974ee3cf2251bbeb5960047d54feb94e3f73eb2e6a54db4d472d,,objectives
mois_x3,detail,12,Simulation,,,,,,,,,0.036,,,1993-3,OK,8ace65b4ed92038b7c22c5e4a5eeee1d52b6a15c,0,5b839da1ebf8974ee3cf2251bbeb5960047d54feb94e3f73eb2e6a54db4d472d,,economy_bookkeeping
mois_x3,detail,12,Produits,,,,,,,,,0.09,,,1993-3,OK,8ace65b4ed92038b7c22c5e4a5eeee1d52b6a15c,0,5b839da1ebf8974ee3cf2251bbeb5960047d54feb94e3f73eb2e6a54db4d472d,,industry_signature
mois_x3,detail,12,Produits,,,,,,,,,0.094,,,1993-3,OK,8ace65b4ed92038b7c22c5e4a5eeee1d52b6a15c,0,5b839da1ebf8974ee3cf2251bbeb5960047d54feb94e3f73eb2e6a54db4d472d,,industrialization
mois_x3,detail,12,Produits,,,,,,,,,7.66,,,1993-3,OK,8ace65b4ed92038b7c22c5e4a5eeee1d52b6a15c,0,5b839da1ebf8974ee3cf2251bbeb5960047d54feb94e3f73eb2e6a54db4d472d,,portfolio
mois_x3,detail,12,Produits,,,,,,,,,7.822,,,1993-3,OK,8ace65b4ed92038b7c22c5e4a5eeee1d52b6a15c,0,5b839da1ebf8974ee3cf2251bbeb5960047d54feb94e3f73eb2e6a54db4d472d,,lifecycle_range
mois_x3,detail,12,Produits,,,,,,,,,2.498,,,1993-3,OK,8ace65b4ed92038b7c22c5e4a5eeee1d52b6a15c,0,5b839da1ebf8974ee3cf2251bbeb5960047d54feb94e3f73eb2e6a54db4d472d,,lifecycle_details
mois_x3,detail,12,Produits,,,,,,,,,10.552,,,1993-3,OK,8ace65b4ed92038b7c22c5e4a5eeee1d52b6a15c,0,5b839da1ebf8974ee3cf2251bbeb5960047d54feb94e3f73eb2e6a54db4d472d,,lifecycle_product_list
mois_x3,detail,12,Produits,,,,,,,,,0.011,,,1993-3,OK,8ace65b4ed92038b7c22c5e4a5eeee1d52b6a15c,0,5b839da1ebf8974ee3cf2251bbeb5960047d54feb94e3f73eb2e6a54db4d472d,,lifecycle_launch_card
mois_x3,detail,12,Produits,,,,,,,,,1.412,,,1993-3,OK,8ace65b4ed92038b7c22c5e4a5eeee1d52b6a15c,0,5b839da1ebf8974ee3cf2251bbeb5960047d54feb94e3f73eb2e6a54db4d472d,,lifecycle_month_card
mois_x3,detail,12,Produits,,,,,,,,,11.982,,,1993-3,OK,8ace65b4ed92038b7c22c5e4a5eeee1d52b6a15c,0,5b839da1ebf8974ee3cf2251bbeb5960047d54feb94e3f73eb2e6a54db4d472d,,lifecycle
mois_x3,detail,12,Produits,,,,,,,,,0.065,,,1993-3,OK,8ace65b4ed92038b7c22c5e4a5eeee1d52b6a15c,0,5b839da1ebf8974ee3cf2251bbeb5960047d54feb94e3f73eb2e6a54db4d472d,,after_sales
mois_x3,detail,12,Produits,,,,,,,,,0.011,,,1993-3,OK,8ace65b4ed92038b7c22c5e4a5eeee1d52b6a15c,0,5b839da1ebf8974ee3cf2251bbeb5960047d54feb94e3f73eb2e6a54db4d472d,,board
mois_x3,detail,12,Produits,,,,,,,,,0.193,,,1993-3,OK,8ace65b4ed92038b7c22c5e4a5eeee1d52b6a15c,0,5b839da1ebf8974ee3cf2251bbeb5960047d54feb94e3f73eb2e6a54db4d472d,,scene
mois_x3,detail,12,Produits,,,,,,,,,0.053,,,1993-3,OK,8ace65b4ed92038b7c22c5e4a5eeee1d52b6a15c,0,5b839da1ebf8974ee3cf2251bbeb5960047d54feb94e3f73eb2e6a54db4d472d,,badges
mois_x3,detail,12,Simulation,,,,,,,,,14.717,,,1993-3,OK,8ace65b4ed92038b7c22c5e4a5eeee1d52b6a15c,0,5b839da1ebf8974ee3cf2251bbeb5960047d54feb94e3f73eb2e6a54db4d472d,,economy_month_closed_callbacks
mois_x3,detail,12,Simulation,,,,,,,,,14.76,,,1993-3,OK,8ace65b4ed92038b7c22c5e4a5eeee1d52b6a15c,0,5b839da1ebf8974ee3cf2251bbeb5960047d54feb94e3f73eb2e6a54db4d472d,,economy_close_and_UI
mois_x3,summary,0,Produits,0.0,0.0,0.0,0.0,0.0,0,0,,,,,c036b3fe039d8bc443398d0c58d9de72acd599e9896a9d3af7d9d2d4defb0345,OK,8ace65b4ed92038b7c22c5e4a5eeee1d52b6a15c,0,5b839da1ebf8974ee3cf2251bbeb5960047d54feb94e3f73eb2e6a54db4d472d,0.0,
